MeasId,LotId,Parameter,MeasValue,USL,LSL,Nominal,SpcRuleViolated,EquipmentId,Cavity,MeasTs
M0000001,HRS-RE-2609-01,ring_electrode_od_mm,2.506,2.55,2.45,2.5,,CASHEL-L4,1,2026-09-06T06:00:00
M0000002,HRS-RE-2609-01,ring_electrode_od_mm,2.5024,2.55,2.45,2.5,,CASHEL-L4,2,2026-09-06T06:03:00
M0000003,HRS-RE-2609-01,ring_electrode_od_mm,2.5016,2.55,2.45,2.5,,CASHEL-L4,3,2026-09-06T06:06:00
M0000004,HRS-RE-2609-01,ring_electrode_od_mm,2.5008,2.55,2.45,2.5,,CASHEL-L4,4,2026-09-06T06:09:00
M0000005,HRS-RE-2609-01,ring_electrode_od_mm,2.4932,2.55,2.45,2.5,,CASHEL-L4,5,2026-09-06T06:12:00
M0000006,HRS-RE-2609-01,ring_electrode_od_mm,2.4917,2.55,2.45,2.5,,CASHEL-L4,6,2026-09-06T06:15:00
M0000007,HRS-RE-2609-01,ring_electrode_od_mm,2.4934,2.55,2.45,2.5,,CASHEL-L4,7,2026-09-06T06:18:00
M0000008,HRS-RE-2609-01,ring_electrode_od_mm,2.4885,2.55,2.45,2.5,,CASHEL-L4,8,2026-09-06T06:21:00
M0000009,HRS-RE-2609-01,ring_electrode_od_mm,2.5007,2.55,2.45,2.5,,CASHEL-L4,1,2026-09-06T06:24:00
M0000010,HRS-RE-2609-01,ring_electrode_od_mm,2.5002,2.55,2.45,2.5,,CASHEL-L4,2,2026-09-06T06:27:00
M0000011,HRS-RE-2609-01,ring_electrode_od_mm,2.5033,2.55,2.45,2.5,,CASHEL-L4,3,2026-09-06T06:30:00
M0000012,HRS-RE-2609-01,ring_electrode_od_mm,2.5005,2.55,2.45,2.5,,CASHEL-L4,4,2026-09-06T06:33:00
M0000013,HRS-RE-2609-01,ring_electrode_od_mm,2.5012,2.55,2.45,2.5,,CASHEL-L4,5,2026-09-06T06:36:00
M0000014,HRS-RE-2609-01,ring_electrode_od_mm,2.4942,2.55,2.45,2.5,,CASHEL-L4,6,2026-09-06T06:39:00
M0000015,HRS-RE-2609-01,ring_electrode_od_mm,2.4917,2.55,2.45,2.5,,CASHEL-L4,7,2026-09-06T06:42:00
M0000016,HRS-RE-2609-01,ring_electrode_od_mm,2.4903,2.55,2.45,2.5,,CASHEL-L4,8,2026-09-06T06:45:00
M0000017,HRS-RE-2609-01,ring_electrode_od_mm,2.4898,2.55,2.45,2.5,,CASHEL-L4,1,2026-09-06T06:48:00
M0000018,HRS-RE-2609-01,ring_electrode_od_mm,2.4952,2.55,2.45,2.5,,CASHEL-L4,2,2026-09-06T06:51:00
M0000019,HRS-RE-2609-01,ring_electrode_od_mm,2.5004,2.55,2.45,2.5,,CASHEL-L4,3,2026-09-06T06:54:00
M0000020,HRS-RE-2609-01,ring_electrode_od_mm,2.4969,2.55,2.45,2.5,,CASHEL-L4,4,2026-09-06T06:57:00
M0000021,HRS-RE-2609-01,ring_electrode_od_mm,2.4986,2.55,2.45,2.5,,CASHEL-L4,5,2026-09-06T07:00:00
M0000022,HRS-RE-2609-01,ring_electrode_od_mm,2.4988,2.55,2.45,2.5,,CASHEL-L4,6,2026-09-06T07:03:00
M0000023,HRS-RE-2609-01,ring_electrode_od_mm,2.4882,2.55,2.45,2.5,,CASHEL-L4,7,2026-09-06T07:06:00
M0000024,HRS-RE-2609-01,ring_electrode_od_mm,2.4961,2.55,2.45,2.5,,CASHEL-L4,8,2026-09-06T07:09:00
M0000025,HRS-RE-2609-01,ring_electrode_od_mm,2.4961,2.55,2.45,2.5,,CASHEL-L4,1,2026-09-06T07:12:00
M0000026,HRS-RE-2609-01,ring_electrode_od_mm,2.5052,2.55,2.45,2.5,,CASHEL-L4,2,2026-09-06T07:15:00
M0000027,HRS-RE-2609-01,ring_electrode_od_mm,2.5055,2.55,2.45,2.5,,CASHEL-L4,3,2026-09-06T07:18:00
M0000028,HRS-RE-2609-01,ring_electrode_od_mm,2.4924,2.55,2.45,2.5,,CASHEL-L4,4,2026-09-06T07:21:00
M0000029,HRS-RE-2609-01,ring_electrode_od_mm,2.4894,2.55,2.45,2.5,,CASHEL-L4,5,2026-09-06T07:24:00
M0000030,HRS-RE-2609-01,ring_electrode_od_mm,2.4964,2.55,2.45,2.5,,CASHEL-L4,6,2026-09-06T07:27:00
M0000031,HRS-RE-2609-01,ring_electrode_od_mm,2.4978,2.55,2.45,2.5,,CASHEL-L4,7,2026-09-06T07:30:00
M0000032,HRS-RE-2609-01,ring_electrode_od_mm,2.498,2.55,2.45,2.5,,CASHEL-L4,8,2026-09-06T07:33:00
M0000033,HRS-RE-2609-01,ring_electrode_od_mm,2.5003,2.55,2.45,2.5,,CASHEL-L4,1,2026-09-06T07:36:00
M0000034,HRS-RE-2609-01,ring_electrode_od_mm,2.4887,2.55,2.45,2.5,,CASHEL-L4,2,2026-09-06T07:39:00
M0000035,HRS-RE-2609-01,ring_electrode_od_mm,2.4924,2.55,2.45,2.5,,CASHEL-L4,3,2026-09-06T07:42:00
M0000036,HRS-RE-2609-01,ring_electrode_od_mm,2.4879,2.55,2.45,2.5,,CASHEL-L4,4,2026-09-06T07:45:00
M0000037,HRS-RE-2609-01,ring_electrode_od_mm,2.4881,2.55,2.45,2.5,,CASHEL-L4,5,2026-09-06T07:48:00
M0000038,HRS-RE-2609-01,ring_electrode_od_mm,2.4936,2.55,2.45,2.5,,CASHEL-L4,6,2026-09-06T07:51:00
M0000039,HRS-RE-2609-01,ring_electrode_od_mm,2.4943,2.55,2.45,2.5,,CASHEL-L4,7,2026-09-06T07:54:00
M0000040,HRS-RE-2609-01,ring_electrode_od_mm,2.4965,2.55,2.45,2.5,,CASHEL-L4,8,2026-09-06T07:57:00
M0000041,HRS-RE-2609-01,ring_electrode_od_mm,2.5053,2.55,2.45,2.5,,CASHEL-L4,1,2026-09-06T08:00:00
M0000042,HRS-RE-2609-01,ring_electrode_od_mm,2.4978,2.55,2.45,2.5,,CASHEL-L4,2,2026-09-06T08:03:00
M0000043,HRS-RE-2609-01,ring_electrode_od_mm,2.4967,2.55,2.45,2.5,,CASHEL-L4,3,2026-09-06T08:06:00
M0000044,HRS-RE-2609-01,ring_electrode_od_mm,2.5054,2.55,2.45,2.5,,CASHEL-L4,4,2026-09-06T08:09:00
M0000045,HRS-RE-2609-01,ring_electrode_od_mm,2.5059,2.55,2.45,2.5,,CASHEL-L4,5,2026-09-06T08:12:00
M0000046,HRS-RE-2609-01,ring_electrode_od_mm,2.5062,2.55,2.45,2.5,,CASHEL-L4,6,2026-09-06T08:15:00
M0000047,HRS-RE-2609-01,ring_electrode_od_mm,2.4913,2.55,2.45,2.5,,CASHEL-L4,7,2026-09-06T08:18:00
M0000048,HRS-RE-2609-01,ring_electrode_od_mm,2.5019,2.55,2.45,2.5,,CASHEL-L4,8,2026-09-06T08:21:00
M0000049,HRS-RE-2609-01,ring_electrode_od_mm,2.4906,2.55,2.45,2.5,,CASHEL-L4,1,2026-09-06T08:24:00
M0000050,HRS-RE-2609-01,ring_electrode_od_mm,2.5038,2.55,2.45,2.5,,CASHEL-L4,2,2026-09-06T08:27:00
M0000051,HRS-RE-2609-01,ring_electrode_od_mm,2.5002,2.55,2.45,2.5,,CASHEL-L4,3,2026-09-06T08:30:00
M0000052,HRS-RE-2609-01,ring_electrode_od_mm,2.5029,2.55,2.45,2.5,,CASHEL-L4,4,2026-09-06T08:33:00
M0000053,HRS-RE-2609-01,ring_electrode_od_mm,2.4881,2.55,2.45,2.5,,CASHEL-L4,5,2026-09-06T08:36:00
M0000054,HRS-RE-2609-01,ring_electrode_od_mm,2.4983,2.55,2.45,2.5,,CASHEL-L4,6,2026-09-06T08:39:00
M0000055,HRS-RE-2609-01,ring_electrode_od_mm,2.4882,2.55,2.45,2.5,,CASHEL-L4,7,2026-09-06T08:42:00
M0000056,HRS-RE-2609-01,ring_electrode_od_mm,2.5048,2.55,2.45,2.5,,CASHEL-L4,8,2026-09-06T08:45:00
M0000057,HRS-RE-2609-01,ring_electrode_od_mm,2.4894,2.55,2.45,2.5,,CASHEL-L4,1,2026-09-06T08:48:00
M0000058,HRS-RE-2609-01,ring_electrode_od_mm,2.49,2.55,2.45,2.5,,CASHEL-L4,2,2026-09-06T08:51:00
M0000059,HRS-RE-2609-01,ring_electrode_od_mm,2.5028,2.55,2.45,2.5,,CASHEL-L4,3,2026-09-06T08:54:00
M0000060,HRS-RE-2609-01,ring_electrode_od_mm,2.5006,2.55,2.45,2.5,,CASHEL-L4,4,2026-09-06T08:57:00
M0000061,HRS-RE-2609-01,ring_electrode_od_mm,2.4945,2.55,2.45,2.5,,CASHEL-L4,5,2026-09-06T09:00:00
M0000062,HRS-RE-2609-01,ring_electrode_od_mm,2.496,2.55,2.45,2.5,,CASHEL-L4,6,2026-09-06T09:03:00
M0000063,HRS-RE-2609-01,ring_electrode_od_mm,2.4944,2.55,2.45,2.5,,CASHEL-L4,7,2026-09-06T09:06:00
M0000064,HRS-RE-2609-01,ring_electrode_od_mm,2.4964,2.55,2.45,2.5,,CASHEL-L4,8,2026-09-06T09:09:00
M0000065,HRS-RE-2609-01,ring_electrode_od_mm,2.5049,2.55,2.45,2.5,,CASHEL-L4,1,2026-09-06T09:12:00
M0000066,HRS-RE-2609-01,ring_electrode_od_mm,2.5066,2.55,2.45,2.5,,CASHEL-L4,2,2026-09-06T09:15:00
M0000067,HRS-RE-2609-01,ring_electrode_od_mm,2.4949,2.55,2.45,2.5,,CASHEL-L4,3,2026-09-06T09:18:00
M0000068,HRS-RE-2609-01,ring_electrode_od_mm,2.4917,2.55,2.45,2.5,,CASHEL-L4,4,2026-09-06T09:21:00
M0000069,HRS-RE-2609-01,ring_electrode_od_mm,2.4887,2.55,2.45,2.5,,CASHEL-L4,5,2026-09-06T09:24:00
M0000070,HRS-RE-2609-01,ring_electrode_od_mm,2.4881,2.55,2.45,2.5,,CASHEL-L4,6,2026-09-06T09:27:00
M0000071,HRS-RE-2609-01,ring_electrode_od_mm,2.5067,2.55,2.45,2.5,,CASHEL-L4,7,2026-09-06T09:30:00
M0000072,HRS-RE-2609-01,ring_electrode_od_mm,2.5063,2.55,2.45,2.5,,CASHEL-L4,8,2026-09-06T09:33:00
M0000073,HRS-RE-2609-01,ring_electrode_od_mm,2.5075,2.55,2.45,2.5,,CASHEL-L4,1,2026-09-06T09:36:00
M0000074,HRS-RE-2609-01,ring_electrode_od_mm,2.4975,2.55,2.45,2.5,,CASHEL-L4,2,2026-09-06T09:39:00
M0000075,HRS-RE-2609-01,ring_electrode_od_mm,2.4937,2.55,2.45,2.5,,CASHEL-L4,3,2026-09-06T09:42:00
M0000076,HRS-RE-2609-01,ring_electrode_od_mm,2.4958,2.55,2.45,2.5,,CASHEL-L4,4,2026-09-06T09:45:00
M0000077,HRS-RE-2609-01,ring_electrode_od_mm,2.5077,2.55,2.45,2.5,,CASHEL-L4,5,2026-09-06T09:48:00
M0000078,HRS-RE-2609-01,ring_electrode_od_mm,2.4877,2.55,2.45,2.5,,CASHEL-L4,6,2026-09-06T09:51:00
M0000079,HRS-RE-2609-01,ring_electrode_od_mm,2.4986,2.55,2.45,2.5,,CASHEL-L4,7,2026-09-06T09:54:00
M0000080,HRS-RE-2609-01,ring_electrode_od_mm,2.5064,2.55,2.45,2.5,,CASHEL-L4,8,2026-09-06T09:57:00
M0000081,HRS-RE-2609-01,ring_electrode_od_mm,2.5025,2.55,2.45,2.5,,CASHEL-L4,1,2026-09-06T10:00:00
M0000082,HRS-RE-2609-01,ring_electrode_od_mm,2.5071,2.55,2.45,2.5,,CASHEL-L4,2,2026-09-06T10:03:00
M0000083,HRS-RE-2609-01,ring_electrode_od_mm,2.5061,2.55,2.45,2.5,,CASHEL-L4,3,2026-09-06T10:06:00
M0000084,HRS-RE-2609-01,ring_electrode_od_mm,2.5055,2.55,2.45,2.5,,CASHEL-L4,4,2026-09-06T10:09:00
M0000085,HRS-RE-2609-01,ring_electrode_od_mm,2.4934,2.55,2.45,2.5,,CASHEL-L4,5,2026-09-06T10:12:00
M0000086,HRS-RE-2609-01,ring_electrode_od_mm,2.4924,2.55,2.45,2.5,,CASHEL-L4,6,2026-09-06T10:15:00
M0000087,HRS-RE-2609-01,ring_electrode_od_mm,2.4913,2.55,2.45,2.5,,CASHEL-L4,7,2026-09-06T10:18:00
M0000088,HRS-RE-2609-01,ring_electrode_od_mm,2.5074,2.55,2.45,2.5,,CASHEL-L4,8,2026-09-06T10:21:00
M0000089,HRS-RE-2609-01,ring_electrode_od_mm,2.5062,2.55,2.45,2.5,,CASHEL-L4,1,2026-09-06T10:24:00
M0000090,HRS-RE-2609-01,ring_electrode_od_mm,2.4958,2.55,2.45,2.5,,CASHEL-L4,2,2026-09-06T10:27:00
M0000091,HRS-RE-2609-01,ring_electrode_od_mm,2.4937,2.55,2.45,2.5,,CASHEL-L4,3,2026-09-06T10:30:00
M0000092,HRS-RE-2609-01,ring_electrode_od_mm,2.4979,2.55,2.45,2.5,,CASHEL-L4,4,2026-09-06T10:33:00
M0000093,HRS-RE-2609-01,ring_electrode_od_mm,2.4955,2.55,2.45,2.5,,CASHEL-L4,5,2026-09-06T10:36:00
M0000094,HRS-RE-2609-01,ring_electrode_od_mm,2.5013,2.55,2.45,2.5,,CASHEL-L4,6,2026-09-06T10:39:00
M0000095,HRS-RE-2609-01,ring_electrode_od_mm,2.502,2.55,2.45,2.5,,CASHEL-L4,7,2026-09-06T10:42:00
M0000096,HRS-RE-2609-01,ring_electrode_od_mm,2.5042,2.55,2.45,2.5,,CASHEL-L4,8,2026-09-06T10:45:00
M0000097,HRS-RE-2609-01,ring_electrode_od_mm,2.4889,2.55,2.45,2.5,,CASHEL-L4,1,2026-09-06T10:48:00
M0000098,HRS-RE-2609-01,ring_electrode_od_mm,2.4896,2.55,2.45,2.5,,CASHEL-L4,2,2026-09-06T10:51:00
M0000099,HRS-RE-2609-01,ring_electrode_od_mm,2.4945,2.55,2.45,2.5,,CASHEL-L4,3,2026-09-06T10:54:00
M0000100,HRS-RE-2609-01,ring_electrode_od_mm,2.4899,2.55,2.45,2.5,,CASHEL-L4,4,2026-09-06T10:57:00
M0000101,HRS-RE-2609-01,ring_electrode_od_mm,2.5026,2.55,2.45,2.5,,CASHEL-L4,5,2026-09-06T11:00:00
M0000102,HRS-RE-2609-01,ring_electrode_od_mm,2.4887,2.55,2.45,2.5,,CASHEL-L4,6,2026-09-06T11:03:00
M0000103,HRS-RE-2609-01,ring_electrode_od_mm,2.5038,2.55,2.45,2.5,,CASHEL-L4,7,2026-09-06T11:06:00
M0000104,HRS-RE-2609-01,ring_electrode_od_mm,2.4916,2.55,2.45,2.5,,CASHEL-L4,8,2026-09-06T11:09:00
M0000105,HRS-RE-2609-01,ring_electrode_od_mm,2.4923,2.55,2.45,2.5,,CASHEL-L4,1,2026-09-06T11:12:00
M0000106,HRS-RE-2609-01,ring_electrode_od_mm,2.4983,2.55,2.45,2.5,,CASHEL-L4,2,2026-09-06T11:15:00
M0000107,HRS-RE-2609-01,ring_electrode_od_mm,2.4988,2.55,2.45,2.5,,CASHEL-L4,3,2026-09-06T11:18:00
M0000108,HRS-RE-2609-01,ring_electrode_od_mm,2.4992,2.55,2.45,2.5,,CASHEL-L4,4,2026-09-06T11:21:00
M0000109,HRS-RE-2609-01,ring_electrode_od_mm,2.4938,2.55,2.45,2.5,,CASHEL-L4,5,2026-09-06T11:24:00
M0000110,HRS-RE-2609-01,ring_electrode_od_mm,2.4901,2.55,2.45,2.5,,CASHEL-L4,6,2026-09-06T11:27:00
M0000111,HRS-RE-2609-01,ring_electrode_od_mm,2.4991,2.55,2.45,2.5,,CASHEL-L4,7,2026-09-06T11:30:00
M0000112,HRS-RE-2609-01,ring_electrode_od_mm,2.4978,2.55,2.45,2.5,,CASHEL-L4,8,2026-09-06T11:33:00
M0000113,HRS-RE-2609-01,ring_electrode_od_mm,2.5064,2.55,2.45,2.5,,CASHEL-L4,1,2026-09-06T11:36:00
M0000114,HRS-RE-2609-01,ring_electrode_od_mm,2.4948,2.55,2.45,2.5,,CASHEL-L4,2,2026-09-06T11:39:00
M0000115,HRS-RE-2609-01,ring_electrode_od_mm,2.4926,2.55,2.45,2.5,,CASHEL-L4,3,2026-09-06T11:42:00
M0000116,HRS-RE-2609-01,ring_electrode_od_mm,2.4956,2.55,2.45,2.5,,CASHEL-L4,4,2026-09-06T11:45:00
M0000117,HRS-RE-2609-01,ring_electrode_od_mm,2.5006,2.55,2.45,2.5,,CASHEL-L4,5,2026-09-06T11:48:00
M0000118,HRS-RE-2609-01,ring_electrode_od_mm,2.4949,2.55,2.45,2.5,,CASHEL-L4,6,2026-09-06T11:51:00
M0000119,HRS-RE-2609-01,ring_electrode_od_mm,2.4964,2.55,2.45,2.5,,CASHEL-L4,7,2026-09-06T11:54:00
M0000120,HRS-RE-2609-01,ring_electrode_od_mm,2.5062,2.55,2.45,2.5,,CASHEL-L4,8,2026-09-06T11:57:00
M0000121,HRS-RE-2609-01,ring_electrode_od_mm,2.489,2.55,2.45,2.5,,CASHEL-L4,1,2026-09-06T12:00:00
M0000122,HRS-RE-2609-01,ring_electrode_od_mm,2.4906,2.55,2.45,2.5,,CASHEL-L4,2,2026-09-06T12:03:00
M0000123,HRS-RE-2609-01,ring_electrode_od_mm,2.5001,2.55,2.45,2.5,,CASHEL-L4,3,2026-09-06T12:06:00
M0000124,HRS-RE-2609-01,ring_electrode_od_mm,2.5023,2.55,2.45,2.5,,CASHEL-L4,4,2026-09-06T12:09:00
M0000125,HRS-RE-2609-01,ring_electrode_od_mm,2.4976,2.55,2.45,2.5,,CASHEL-L4,5,2026-09-06T12:12:00
M0000126,HRS-RE-2609-01,ring_electrode_od_mm,2.5009,2.55,2.45,2.5,,CASHEL-L4,6,2026-09-06T12:15:00
M0000127,HRS-RE-2609-01,ring_electrode_od_mm,2.4977,2.55,2.45,2.5,,CASHEL-L4,7,2026-09-06T12:18:00
M0000128,HRS-RE-2609-01,ring_electrode_od_mm,2.5013,2.55,2.45,2.5,,CASHEL-L4,8,2026-09-06T12:21:00
M0000129,HRS-RE-2609-01,ring_electrode_od_mm,2.4997,2.55,2.45,2.5,,CASHEL-L4,1,2026-09-06T12:24:00
M0000130,HRS-RE-2609-01,ring_electrode_od_mm,2.5044,2.55,2.45,2.5,,CASHEL-L4,2,2026-09-06T12:27:00
M0000131,HRS-RE-2609-01,ring_electrode_od_mm,2.4887,2.55,2.45,2.5,,CASHEL-L4,3,2026-09-06T12:30:00
M0000132,HRS-RE-2609-01,ring_electrode_od_mm,2.5041,2.55,2.45,2.5,,CASHEL-L4,4,2026-09-06T12:33:00
M0000133,HRS-RE-2609-01,ring_electrode_od_mm,2.4979,2.55,2.45,2.5,,CASHEL-L4,5,2026-09-06T12:36:00
M0000134,HRS-RE-2609-01,ring_electrode_od_mm,2.501,2.55,2.45,2.5,,CASHEL-L4,6,2026-09-06T12:39:00
M0000135,HRS-RE-2609-01,ring_electrode_od_mm,2.5057,2.55,2.45,2.5,,CASHEL-L4,7,2026-09-06T12:42:00
M0000136,HRS-RE-2609-01,ring_electrode_od_mm,2.5029,2.55,2.45,2.5,,CASHEL-L4,8,2026-09-06T12:45:00
M0000137,HRS-RE-2609-01,ring_electrode_od_mm,2.4937,2.55,2.45,2.5,,CASHEL-L4,1,2026-09-06T12:48:00
M0000138,HRS-RE-2609-01,ring_electrode_od_mm,2.4989,2.55,2.45,2.5,,CASHEL-L4,2,2026-09-06T12:51:00
M0000139,HRS-RE-2609-01,ring_electrode_od_mm,2.5032,2.55,2.45,2.5,,CASHEL-L4,3,2026-09-06T12:54:00
M0000140,HRS-RE-2609-01,ring_electrode_od_mm,2.4882,2.55,2.45,2.5,,CASHEL-L4,4,2026-09-06T12:57:00
M0000141,HRS-RE-2609-01,ring_electrode_od_mm,2.4968,2.55,2.45,2.5,,CASHEL-L4,5,2026-09-06T13:00:00
M0000142,HRS-RE-2609-01,ring_electrode_od_mm,2.5063,2.55,2.45,2.5,,CASHEL-L4,6,2026-09-06T13:03:00
M0000143,HRS-RE-2609-01,ring_electrode_od_mm,2.4968,2.55,2.45,2.5,,CASHEL-L4,7,2026-09-06T13:06:00
M0000144,HRS-RE-2609-01,ring_electrode_od_mm,2.4995,2.55,2.45,2.5,,CASHEL-L4,8,2026-09-06T13:09:00
M0000145,HRS-RE-2609-01,ring_electrode_od_mm,2.4949,2.55,2.45,2.5,,CASHEL-L4,1,2026-09-06T13:12:00
M0000146,HRS-RE-2609-01,ring_electrode_od_mm,2.4951,2.55,2.45,2.5,,CASHEL-L4,2,2026-09-06T13:15:00
M0000147,HRS-RE-2609-01,ring_electrode_od_mm,2.5016,2.55,2.45,2.5,,CASHEL-L4,3,2026-09-06T13:18:00
M0000148,HRS-RE-2609-01,ring_electrode_od_mm,2.5018,2.55,2.45,2.5,,CASHEL-L4,4,2026-09-06T13:21:00
M0000149,HRS-RE-2609-01,ring_electrode_od_mm,2.4903,2.55,2.45,2.5,,CASHEL-L4,5,2026-09-06T13:24:00
M0000150,HRS-RE-2609-01,ring_electrode_od_mm,2.5023,2.55,2.45,2.5,,CASHEL-L4,6,2026-09-06T13:27:00
M0000151,HRS-RE-2609-01,ring_electrode_od_mm,2.4967,2.55,2.45,2.5,,CASHEL-L4,7,2026-09-06T13:30:00
M0000152,HRS-RE-2609-01,ring_electrode_od_mm,2.5063,2.55,2.45,2.5,,CASHEL-L4,8,2026-09-06T13:33:00
M0000153,HRS-RE-2609-01,ring_electrode_od_mm,2.4942,2.55,2.45,2.5,,CASHEL-L4,1,2026-09-06T13:36:00
M0000154,HRS-RE-2609-01,ring_electrode_od_mm,2.4904,2.55,2.45,2.5,,CASHEL-L4,2,2026-09-06T13:39:00
M0000155,HRS-RE-2609-02,ring_electrode_od_mm,2.5102,2.55,2.45,2.5,,CASHEL-L4,1,2026-09-07T06:00:00
M0000156,HRS-RE-2609-02,ring_electrode_od_mm,2.493,2.55,2.45,2.5,,CASHEL-L4,2,2026-09-07T06:03:00
M0000157,HRS-RE-2609-02,ring_electrode_od_mm,2.5102,2.55,2.45,2.5,,CASHEL-L4,3,2026-09-07T06:06:00
M0000158,HRS-RE-2609-02,ring_electrode_od_mm,2.4915,2.55,2.45,2.5,,CASHEL-L4,4,2026-09-07T06:09:00
M0000159,HRS-RE-2609-02,ring_electrode_od_mm,2.4973,2.55,2.45,2.5,,CASHEL-L4,5,2026-09-07T06:12:00
M0000160,HRS-RE-2609-02,ring_electrode_od_mm,2.4925,2.55,2.45,2.5,,CASHEL-L4,6,2026-09-07T06:15:00
M0000161,HRS-RE-2609-02,ring_electrode_od_mm,2.4993,2.55,2.45,2.5,,CASHEL-L4,7,2026-09-07T06:18:00
M0000162,HRS-RE-2609-02,ring_electrode_od_mm,2.495,2.55,2.45,2.5,,CASHEL-L4,8,2026-09-07T06:21:00
M0000163,HRS-RE-2609-02,ring_electrode_od_mm,2.5027,2.55,2.45,2.5,,CASHEL-L4,1,2026-09-07T06:24:00
M0000164,HRS-RE-2609-02,ring_electrode_od_mm,2.5078,2.55,2.45,2.5,,CASHEL-L4,2,2026-09-07T06:27:00
M0000165,HRS-RE-2609-02,ring_electrode_od_mm,2.5032,2.55,2.45,2.5,,CASHEL-L4,3,2026-09-07T06:30:00
M0000166,HRS-RE-2609-02,ring_electrode_od_mm,2.4904,2.55,2.45,2.5,,CASHEL-L4,4,2026-09-07T06:33:00
M0000167,HRS-RE-2609-02,ring_electrode_od_mm,2.4954,2.55,2.45,2.5,,CASHEL-L4,5,2026-09-07T06:36:00
M0000168,HRS-RE-2609-02,ring_electrode_od_mm,2.4923,2.55,2.45,2.5,,CASHEL-L4,6,2026-09-07T06:39:00
M0000169,HRS-RE-2609-02,ring_electrode_od_mm,2.509,2.55,2.45,2.5,,CASHEL-L4,7,2026-09-07T06:42:00
M0000170,HRS-RE-2609-02,ring_electrode_od_mm,2.4931,2.55,2.45,2.5,,CASHEL-L4,8,2026-09-07T06:45:00
M0000171,HRS-RE-2609-02,ring_electrode_od_mm,2.5059,2.55,2.45,2.5,,CASHEL-L4,1,2026-09-07T06:48:00
M0000172,HRS-RE-2609-02,ring_electrode_od_mm,2.5072,2.55,2.45,2.5,,CASHEL-L4,2,2026-09-07T06:51:00
M0000173,HRS-RE-2609-02,ring_electrode_od_mm,2.4975,2.55,2.45,2.5,,CASHEL-L4,3,2026-09-07T06:54:00
M0000174,HRS-RE-2609-02,ring_electrode_od_mm,2.4948,2.55,2.45,2.5,,CASHEL-L4,4,2026-09-07T06:57:00
M0000175,HRS-RE-2609-02,ring_electrode_od_mm,2.4953,2.55,2.45,2.5,,CASHEL-L4,5,2026-09-07T07:00:00
M0000176,HRS-RE-2609-02,ring_electrode_od_mm,2.4936,2.55,2.45,2.5,,CASHEL-L4,6,2026-09-07T07:03:00
M0000177,HRS-RE-2609-02,ring_electrode_od_mm,2.5046,2.55,2.45,2.5,,CASHEL-L4,7,2026-09-07T07:06:00
M0000178,HRS-RE-2609-02,ring_electrode_od_mm,2.5047,2.55,2.45,2.5,,CASHEL-L4,8,2026-09-07T07:09:00
M0000179,HRS-RE-2609-02,ring_electrode_od_mm,2.502,2.55,2.45,2.5,,CASHEL-L4,1,2026-09-07T07:12:00
M0000180,HRS-RE-2609-02,ring_electrode_od_mm,2.5036,2.55,2.45,2.5,,CASHEL-L4,2,2026-09-07T07:15:00
M0000181,HRS-RE-2609-02,ring_electrode_od_mm,2.5083,2.55,2.45,2.5,,CASHEL-L4,3,2026-09-07T07:18:00
M0000182,HRS-RE-2609-02,ring_electrode_od_mm,2.4924,2.55,2.45,2.5,,CASHEL-L4,4,2026-09-07T07:21:00
M0000183,HRS-RE-2609-02,ring_electrode_od_mm,2.5068,2.55,2.45,2.5,,CASHEL-L4,5,2026-09-07T07:24:00
M0000184,HRS-RE-2609-02,ring_electrode_od_mm,2.4966,2.55,2.45,2.5,,CASHEL-L4,6,2026-09-07T07:27:00
M0000185,HRS-RE-2609-02,ring_electrode_od_mm,2.4907,2.55,2.45,2.5,,CASHEL-L4,7,2026-09-07T07:30:00
M0000186,HRS-RE-2609-02,ring_electrode_od_mm,2.4983,2.55,2.45,2.5,,CASHEL-L4,8,2026-09-07T07:33:00
M0000187,HRS-RE-2609-02,ring_electrode_od_mm,2.4923,2.55,2.45,2.5,,CASHEL-L4,1,2026-09-07T07:36:00
M0000188,HRS-RE-2609-02,ring_electrode_od_mm,2.4993,2.55,2.45,2.5,,CASHEL-L4,2,2026-09-07T07:39:00
M0000189,HRS-RE-2609-02,ring_electrode_od_mm,2.5094,2.55,2.45,2.5,,CASHEL-L4,3,2026-09-07T07:42:00
M0000190,HRS-RE-2609-02,ring_electrode_od_mm,2.5069,2.55,2.45,2.5,,CASHEL-L4,4,2026-09-07T07:45:00
M0000191,HRS-RE-2609-02,ring_electrode_od_mm,2.5037,2.55,2.45,2.5,,CASHEL-L4,5,2026-09-07T07:48:00
M0000192,HRS-RE-2609-02,ring_electrode_od_mm,2.5025,2.55,2.45,2.5,,CASHEL-L4,6,2026-09-07T07:51:00
M0000193,HRS-RE-2609-02,ring_electrode_od_mm,2.4997,2.55,2.45,2.5,,CASHEL-L4,7,2026-09-07T07:54:00
M0000194,HRS-RE-2609-02,ring_electrode_od_mm,2.51,2.55,2.45,2.5,,CASHEL-L4,8,2026-09-07T07:57:00
M0000195,HRS-RE-2609-02,ring_electrode_od_mm,2.5079,2.55,2.45,2.5,,CASHEL-L4,1,2026-09-07T08:00:00
M0000196,HRS-RE-2609-02,ring_electrode_od_mm,2.5078,2.55,2.45,2.5,,CASHEL-L4,2,2026-09-07T08:03:00
M0000197,HRS-RE-2609-02,ring_electrode_od_mm,2.4962,2.55,2.45,2.5,,CASHEL-L4,3,2026-09-07T08:06:00
M0000198,HRS-RE-2609-02,ring_electrode_od_mm,2.5066,2.55,2.45,2.5,,CASHEL-L4,4,2026-09-07T08:09:00
M0000199,HRS-RE-2609-02,ring_electrode_od_mm,2.5095,2.55,2.45,2.5,,CASHEL-L4,5,2026-09-07T08:12:00
M0000200,HRS-RE-2609-02,ring_electrode_od_mm,2.4908,2.55,2.45,2.5,,CASHEL-L4,6,2026-09-07T08:15:00
M0000201,HRS-RE-2609-02,ring_electrode_od_mm,2.4961,2.55,2.45,2.5,,CASHEL-L4,7,2026-09-07T08:18:00
M0000202,HRS-RE-2609-02,ring_electrode_od_mm,2.5074,2.55,2.45,2.5,,CASHEL-L4,8,2026-09-07T08:21:00
M0000203,HRS-RE-2609-02,ring_electrode_od_mm,2.4939,2.55,2.45,2.5,,CASHEL-L4,1,2026-09-07T08:24:00
M0000204,HRS-RE-2609-02,ring_electrode_od_mm,2.4945,2.55,2.45,2.5,,CASHEL-L4,2,2026-09-07T08:27:00
M0000205,HRS-RE-2609-02,ring_electrode_od_mm,2.4974,2.55,2.45,2.5,,CASHEL-L4,3,2026-09-07T08:30:00
M0000206,HRS-RE-2609-02,ring_electrode_od_mm,2.4918,2.55,2.45,2.5,,CASHEL-L4,4,2026-09-07T08:33:00
M0000207,HRS-RE-2609-02,ring_electrode_od_mm,2.5097,2.55,2.45,2.5,,CASHEL-L4,5,2026-09-07T08:36:00
M0000208,HRS-RE-2609-02,ring_electrode_od_mm,2.502,2.55,2.45,2.5,,CASHEL-L4,6,2026-09-07T08:39:00
M0000209,HRS-RE-2609-02,ring_electrode_od_mm,2.5059,2.55,2.45,2.5,,CASHEL-L4,7,2026-09-07T08:42:00
M0000210,HRS-RE-2609-02,ring_electrode_od_mm,2.4959,2.55,2.45,2.5,,CASHEL-L4,8,2026-09-07T08:45:00
M0000211,HRS-RE-2609-02,ring_electrode_od_mm,2.4919,2.55,2.45,2.5,,CASHEL-L4,1,2026-09-07T08:48:00
M0000212,HRS-RE-2609-02,ring_electrode_od_mm,2.4942,2.55,2.45,2.5,,CASHEL-L4,2,2026-09-07T08:51:00
M0000213,HRS-RE-2609-02,ring_electrode_od_mm,2.5004,2.55,2.45,2.5,,CASHEL-L4,3,2026-09-07T08:54:00
M0000214,HRS-RE-2609-02,ring_electrode_od_mm,2.5005,2.55,2.45,2.5,,CASHEL-L4,4,2026-09-07T08:57:00
M0000215,HRS-RE-2609-02,ring_electrode_od_mm,2.4963,2.55,2.45,2.5,,CASHEL-L4,5,2026-09-07T09:00:00
M0000216,HRS-RE-2609-02,ring_electrode_od_mm,2.4983,2.55,2.45,2.5,,CASHEL-L4,6,2026-09-07T09:03:00
M0000217,HRS-RE-2609-02,ring_electrode_od_mm,2.4903,2.55,2.45,2.5,,CASHEL-L4,7,2026-09-07T09:06:00
M0000218,HRS-RE-2609-02,ring_electrode_od_mm,2.5097,2.55,2.45,2.5,,CASHEL-L4,8,2026-09-07T09:09:00
M0000219,HRS-RE-2609-02,ring_electrode_od_mm,2.5094,2.55,2.45,2.5,,CASHEL-L4,1,2026-09-07T09:12:00
M0000220,HRS-RE-2609-02,ring_electrode_od_mm,2.5046,2.55,2.45,2.5,,CASHEL-L4,2,2026-09-07T09:15:00
M0000221,HRS-RE-2609-02,ring_electrode_od_mm,2.4979,2.55,2.45,2.5,,CASHEL-L4,3,2026-09-07T09:18:00
M0000222,HRS-RE-2609-02,ring_electrode_od_mm,2.5005,2.55,2.45,2.5,,CASHEL-L4,4,2026-09-07T09:21:00
M0000223,HRS-RE-2609-02,ring_electrode_od_mm,2.4927,2.55,2.45,2.5,,CASHEL-L4,5,2026-09-07T09:24:00
M0000224,HRS-RE-2609-02,ring_electrode_od_mm,2.4965,2.55,2.45,2.5,,CASHEL-L4,6,2026-09-07T09:27:00
M0000225,HRS-RE-2609-02,ring_electrode_od_mm,2.5008,2.55,2.45,2.5,,CASHEL-L4,7,2026-09-07T09:30:00
M0000226,HRS-RE-2609-02,ring_electrode_od_mm,2.5049,2.55,2.45,2.5,,CASHEL-L4,8,2026-09-07T09:33:00
M0000227,HRS-RE-2609-02,ring_electrode_od_mm,2.499,2.55,2.45,2.5,,CASHEL-L4,1,2026-09-07T09:36:00
M0000228,HRS-RE-2609-02,ring_electrode_od_mm,2.4962,2.55,2.45,2.5,,CASHEL-L4,2,2026-09-07T09:39:00
M0000229,HRS-RE-2609-02,ring_electrode_od_mm,2.5014,2.55,2.45,2.5,,CASHEL-L4,3,2026-09-07T09:42:00
M0000230,HRS-RE-2609-02,ring_electrode_od_mm,2.4942,2.55,2.45,2.5,,CASHEL-L4,4,2026-09-07T09:45:00
M0000231,HRS-RE-2609-02,ring_electrode_od_mm,2.4956,2.55,2.45,2.5,,CASHEL-L4,5,2026-09-07T09:48:00
M0000232,HRS-RE-2609-02,ring_electrode_od_mm,2.4967,2.55,2.45,2.5,,CASHEL-L4,6,2026-09-07T09:51:00
M0000233,HRS-RE-2609-02,ring_electrode_od_mm,2.4911,2.55,2.45,2.5,,CASHEL-L4,7,2026-09-07T09:54:00
M0000234,HRS-RE-2609-02,ring_electrode_od_mm,2.4952,2.55,2.45,2.5,,CASHEL-L4,8,2026-09-07T09:57:00
M0000235,HRS-RE-2609-02,ring_electrode_od_mm,2.4996,2.55,2.45,2.5,,CASHEL-L4,1,2026-09-07T10:00:00
M0000236,HRS-RE-2609-02,ring_electrode_od_mm,2.5081,2.55,2.45,2.5,,CASHEL-L4,2,2026-09-07T10:03:00
M0000237,HRS-RE-2609-02,ring_electrode_od_mm,2.4973,2.55,2.45,2.5,,CASHEL-L4,3,2026-09-07T10:06:00
M0000238,HRS-RE-2609-02,ring_electrode_od_mm,2.4992,2.55,2.45,2.5,,CASHEL-L4,4,2026-09-07T10:09:00
M0000239,HRS-RE-2609-02,ring_electrode_od_mm,2.4925,2.55,2.45,2.5,,CASHEL-L4,5,2026-09-07T10:12:00
M0000240,HRS-RE-2609-02,ring_electrode_od_mm,2.5098,2.55,2.45,2.5,,CASHEL-L4,6,2026-09-07T10:15:00
M0000241,HRS-RE-2609-02,ring_electrode_od_mm,2.4995,2.55,2.45,2.5,,CASHEL-L4,7,2026-09-07T10:18:00
M0000242,HRS-RE-2609-02,ring_electrode_od_mm,2.5049,2.55,2.45,2.5,,CASHEL-L4,8,2026-09-07T10:21:00
M0000243,HRS-RE-2609-02,ring_electrode_od_mm,2.4922,2.55,2.45,2.5,,CASHEL-L4,1,2026-09-07T10:24:00
M0000244,HRS-RE-2609-02,ring_electrode_od_mm,2.5009,2.55,2.45,2.5,,CASHEL-L4,2,2026-09-07T10:27:00
M0000245,HRS-RE-2609-02,ring_electrode_od_mm,2.5033,2.55,2.45,2.5,,CASHEL-L4,3,2026-09-07T10:30:00
M0000246,HRS-RE-2609-02,ring_electrode_od_mm,2.4963,2.55,2.45,2.5,,CASHEL-L4,4,2026-09-07T10:33:00
M0000247,HRS-RE-2609-02,ring_electrode_od_mm,2.5024,2.55,2.45,2.5,,CASHEL-L4,5,2026-09-07T10:36:00
M0000248,HRS-RE-2609-02,ring_electrode_od_mm,2.4906,2.55,2.45,2.5,,CASHEL-L4,6,2026-09-07T10:39:00
M0000249,HRS-RE-2609-02,ring_electrode_od_mm,2.4911,2.55,2.45,2.5,,CASHEL-L4,7,2026-09-07T10:42:00
M0000250,HRS-RE-2609-02,ring_electrode_od_mm,2.5047,2.55,2.45,2.5,,CASHEL-L4,8,2026-09-07T10:45:00
M0000251,HRS-RE-2609-02,ring_electrode_od_mm,2.5017,2.55,2.45,2.5,,CASHEL-L4,1,2026-09-07T10:48:00
M0000252,HRS-RE-2609-02,ring_electrode_od_mm,2.4982,2.55,2.45,2.5,,CASHEL-L4,2,2026-09-07T10:51:00
M0000253,HRS-RE-2609-02,ring_electrode_od_mm,2.5034,2.55,2.45,2.5,,CASHEL-L4,3,2026-09-07T10:54:00
M0000254,HRS-RE-2609-02,ring_electrode_od_mm,2.5062,2.55,2.45,2.5,,CASHEL-L4,4,2026-09-07T10:57:00
M0000255,HRS-RE-2609-02,ring_electrode_od_mm,2.509,2.55,2.45,2.5,,CASHEL-L4,5,2026-09-07T11:00:00
M0000256,HRS-RE-2609-02,ring_electrode_od_mm,2.496,2.55,2.45,2.5,,CASHEL-L4,6,2026-09-07T11:03:00
M0000257,HRS-RE-2609-02,ring_electrode_od_mm,2.4953,2.55,2.45,2.5,,CASHEL-L4,7,2026-09-07T11:06:00
M0000258,HRS-RE-2609-02,ring_electrode_od_mm,2.4974,2.55,2.45,2.5,,CASHEL-L4,8,2026-09-07T11:09:00
M0000259,HRS-RE-2609-02,ring_electrode_od_mm,2.5094,2.55,2.45,2.5,,CASHEL-L4,1,2026-09-07T11:12:00
M0000260,HRS-RE-2609-02,ring_electrode_od_mm,2.507,2.55,2.45,2.5,,CASHEL-L4,2,2026-09-07T11:15:00
M0000261,HRS-RE-2609-02,ring_electrode_od_mm,2.4927,2.55,2.45,2.5,,CASHEL-L4,3,2026-09-07T11:18:00
M0000262,HRS-RE-2609-02,ring_electrode_od_mm,2.498,2.55,2.45,2.5,,CASHEL-L4,4,2026-09-07T11:21:00
M0000263,HRS-RE-2609-02,ring_electrode_od_mm,2.4944,2.55,2.45,2.5,,CASHEL-L4,5,2026-09-07T11:24:00
M0000264,HRS-RE-2609-02,ring_electrode_od_mm,2.5075,2.55,2.45,2.5,,CASHEL-L4,6,2026-09-07T11:27:00
M0000265,HRS-RE-2609-02,ring_electrode_od_mm,2.4939,2.55,2.45,2.5,,CASHEL-L4,7,2026-09-07T11:30:00
M0000266,HRS-RE-2609-02,ring_electrode_od_mm,2.4937,2.55,2.45,2.5,,CASHEL-L4,8,2026-09-07T11:33:00
M0000267,HRS-RE-2609-02,ring_electrode_od_mm,2.5066,2.55,2.45,2.5,,CASHEL-L4,1,2026-09-07T11:36:00
M0000268,HRS-RE-2609-02,ring_electrode_od_mm,2.4997,2.55,2.45,2.5,,CASHEL-L4,2,2026-09-07T11:39:00
M0000269,HRS-RE-2609-02,ring_electrode_od_mm,2.4983,2.55,2.45,2.5,,CASHEL-L4,3,2026-09-07T11:42:00
M0000270,HRS-RE-2609-02,ring_electrode_od_mm,2.5011,2.55,2.45,2.5,,CASHEL-L4,4,2026-09-07T11:45:00
M0000271,HRS-RE-2609-02,ring_electrode_od_mm,2.5088,2.55,2.45,2.5,,CASHEL-L4,5,2026-09-07T11:48:00
M0000272,HRS-RE-2609-02,ring_electrode_od_mm,2.5047,2.55,2.45,2.5,,CASHEL-L4,6,2026-09-07T11:51:00
M0000273,HRS-RE-2609-02,ring_electrode_od_mm,2.4915,2.55,2.45,2.5,,CASHEL-L4,7,2026-09-07T11:54:00
M0000274,HRS-RE-2609-02,ring_electrode_od_mm,2.5007,2.55,2.45,2.5,,CASHEL-L4,8,2026-09-07T11:57:00
M0000275,HRS-RE-2609-02,ring_electrode_od_mm,2.4977,2.55,2.45,2.5,,CASHEL-L4,1,2026-09-07T12:00:00
M0000276,HRS-RE-2609-02,ring_electrode_od_mm,2.5055,2.55,2.45,2.5,,CASHEL-L4,2,2026-09-07T12:03:00
M0000277,HRS-RE-2609-02,ring_electrode_od_mm,2.5009,2.55,2.45,2.5,,CASHEL-L4,3,2026-09-07T12:06:00
M0000278,HRS-RE-2609-02,ring_electrode_od_mm,2.5014,2.55,2.45,2.5,,CASHEL-L4,4,2026-09-07T12:09:00
M0000279,HRS-RE-2609-02,ring_electrode_od_mm,2.5095,2.55,2.45,2.5,,CASHEL-L4,5,2026-09-07T12:12:00
M0000280,HRS-RE-2609-02,ring_electrode_od_mm,2.5088,2.55,2.45,2.5,,CASHEL-L4,6,2026-09-07T12:15:00
M0000281,HRS-RE-2609-02,ring_electrode_od_mm,2.5016,2.55,2.45,2.5,,CASHEL-L4,7,2026-09-07T12:18:00
M0000282,HRS-RE-2609-02,ring_electrode_od_mm,2.5014,2.55,2.45,2.5,,CASHEL-L4,8,2026-09-07T12:21:00
M0000283,HRS-RE-2609-02,ring_electrode_od_mm,2.4994,2.55,2.45,2.5,,CASHEL-L4,1,2026-09-07T12:24:00
M0000284,HRS-RE-2609-02,ring_electrode_od_mm,2.5026,2.55,2.45,2.5,,CASHEL-L4,2,2026-09-07T12:27:00
M0000285,HRS-RE-2609-02,ring_electrode_od_mm,2.509,2.55,2.45,2.5,,CASHEL-L4,3,2026-09-07T12:30:00
M0000286,HRS-RE-2609-02,ring_electrode_od_mm,2.4913,2.55,2.45,2.5,,CASHEL-L4,4,2026-09-07T12:33:00
M0000287,HRS-RE-2609-02,ring_electrode_od_mm,2.5055,2.55,2.45,2.5,,CASHEL-L4,5,2026-09-07T12:36:00
M0000288,HRS-RE-2609-02,ring_electrode_od_mm,2.5014,2.55,2.45,2.5,,CASHEL-L4,6,2026-09-07T12:39:00
M0000289,HRS-RE-2609-02,ring_electrode_od_mm,2.5052,2.55,2.45,2.5,,CASHEL-L4,7,2026-09-07T12:42:00
M0000290,HRS-RE-2609-02,ring_electrode_od_mm,2.5068,2.55,2.45,2.5,,CASHEL-L4,8,2026-09-07T12:45:00
M0000291,HRS-RE-2609-02,ring_electrode_od_mm,2.4964,2.55,2.45,2.5,,CASHEL-L4,1,2026-09-07T12:48:00
M0000292,HRS-RE-2609-02,ring_electrode_od_mm,2.5025,2.55,2.45,2.5,,CASHEL-L4,2,2026-09-07T12:51:00
M0000293,HRS-RE-2609-02,ring_electrode_od_mm,2.4988,2.55,2.45,2.5,,CASHEL-L4,3,2026-09-07T12:54:00
M0000294,HRS-RE-2609-02,ring_electrode_od_mm,2.5096,2.55,2.45,2.5,,CASHEL-L4,4,2026-09-07T12:57:00
M0000295,HRS-RE-2609-02,ring_electrode_od_mm,2.498,2.55,2.45,2.5,,CASHEL-L4,5,2026-09-07T13:00:00
M0000296,HRS-RE-2609-02,ring_electrode_od_mm,2.4921,2.55,2.45,2.5,,CASHEL-L4,6,2026-09-07T13:03:00
M0000297,HRS-RE-2609-02,ring_electrode_od_mm,2.5082,2.55,2.45,2.5,,CASHEL-L4,7,2026-09-07T13:06:00
M0000298,HRS-RE-2609-02,ring_electrode_od_mm,2.508,2.55,2.45,2.5,,CASHEL-L4,8,2026-09-07T13:09:00
M0000299,HRS-RE-2609-02,ring_electrode_od_mm,2.4942,2.55,2.45,2.5,,CASHEL-L4,1,2026-09-07T13:12:00
M0000300,HRS-RE-2609-02,ring_electrode_od_mm,2.5007,2.55,2.45,2.5,,CASHEL-L4,2,2026-09-07T13:15:00
M0000301,HRS-RE-2609-02,ring_electrode_od_mm,2.5088,2.55,2.45,2.5,,CASHEL-L4,3,2026-09-07T13:18:00
M0000302,HRS-RE-2609-02,ring_electrode_od_mm,2.5084,2.55,2.45,2.5,,CASHEL-L4,4,2026-09-07T13:21:00
M0000303,HRS-RE-2609-02,ring_electrode_od_mm,2.5057,2.55,2.45,2.5,,CASHEL-L4,5,2026-09-07T13:24:00
M0000304,HRS-RE-2609-02,ring_electrode_od_mm,2.5078,2.55,2.45,2.5,,CASHEL-L4,6,2026-09-07T13:27:00
M0000305,HRS-RE-2609-02,ring_electrode_od_mm,2.5071,2.55,2.45,2.5,,CASHEL-L4,7,2026-09-07T13:30:00
M0000306,HRS-RE-2609-02,ring_electrode_od_mm,2.4904,2.55,2.45,2.5,,CASHEL-L4,8,2026-09-07T13:33:00
M0000307,HRS-RE-2609-02,ring_electrode_od_mm,2.5049,2.55,2.45,2.5,,CASHEL-L4,1,2026-09-07T13:36:00
M0000308,HRS-RE-2609-03,ring_electrode_od_mm,2.5075,2.55,2.45,2.5,,CASHEL-L4,1,2026-09-08T06:00:00
M0000309,HRS-RE-2609-03,ring_electrode_od_mm,2.4905,2.55,2.45,2.5,,CASHEL-L4,2,2026-09-08T06:03:00
M0000310,HRS-RE-2609-03,ring_electrode_od_mm,2.4899,2.55,2.45,2.5,,CASHEL-L4,3,2026-09-08T06:06:00
M0000311,HRS-RE-2609-03,ring_electrode_od_mm,2.5082,2.55,2.45,2.5,,CASHEL-L4,4,2026-09-08T06:09:00
M0000312,HRS-RE-2609-03,ring_electrode_od_mm,2.5,2.55,2.45,2.5,,CASHEL-L4,5,2026-09-08T06:12:00
M0000313,HRS-RE-2609-03,ring_electrode_od_mm,2.496,2.55,2.45,2.5,,CASHEL-L4,6,2026-09-08T06:15:00
M0000314,HRS-RE-2609-03,ring_electrode_od_mm,2.5072,2.55,2.45,2.5,,CASHEL-L4,7,2026-09-08T06:18:00
M0000315,HRS-RE-2609-03,ring_electrode_od_mm,2.4901,2.55,2.45,2.5,,CASHEL-L4,8,2026-09-08T06:21:00
M0000316,HRS-RE-2609-03,ring_electrode_od_mm,2.5094,2.55,2.45,2.5,,CASHEL-L4,1,2026-09-08T06:24:00
M0000317,HRS-RE-2609-03,ring_electrode_od_mm,2.4947,2.55,2.45,2.5,,CASHEL-L4,2,2026-09-08T06:27:00
M0000318,HRS-RE-2609-03,ring_electrode_od_mm,2.502,2.55,2.45,2.5,,CASHEL-L4,3,2026-09-08T06:30:00
M0000319,HRS-RE-2609-03,ring_electrode_od_mm,2.4972,2.55,2.45,2.5,,CASHEL-L4,4,2026-09-08T06:33:00
M0000320,HRS-RE-2609-03,ring_electrode_od_mm,2.4925,2.55,2.45,2.5,,CASHEL-L4,5,2026-09-08T06:36:00
M0000321,HRS-RE-2609-03,ring_electrode_od_mm,2.5081,2.55,2.45,2.5,,CASHEL-L4,6,2026-09-08T06:39:00
M0000322,HRS-RE-2609-03,ring_electrode_od_mm,2.5042,2.55,2.45,2.5,,CASHEL-L4,7,2026-09-08T06:42:00
M0000323,HRS-RE-2609-03,ring_electrode_od_mm,2.4904,2.55,2.45,2.5,,CASHEL-L4,8,2026-09-08T06:45:00
M0000324,HRS-RE-2609-03,ring_electrode_od_mm,2.505,2.55,2.45,2.5,,CASHEL-L4,1,2026-09-08T06:48:00
M0000325,HRS-RE-2609-03,ring_electrode_od_mm,2.5087,2.55,2.45,2.5,,CASHEL-L4,2,2026-09-08T06:51:00
M0000326,HRS-RE-2609-03,ring_electrode_od_mm,2.5059,2.55,2.45,2.5,,CASHEL-L4,3,2026-09-08T06:54:00
M0000327,HRS-RE-2609-03,ring_electrode_od_mm,2.5026,2.55,2.45,2.5,,CASHEL-L4,4,2026-09-08T06:57:00
M0000328,HRS-RE-2609-03,ring_electrode_od_mm,2.4996,2.55,2.45,2.5,,CASHEL-L4,5,2026-09-08T07:00:00
M0000329,HRS-RE-2609-03,ring_electrode_od_mm,2.5062,2.55,2.45,2.5,,CASHEL-L4,6,2026-09-08T07:03:00
M0000330,HRS-RE-2609-03,ring_electrode_od_mm,2.5043,2.55,2.45,2.5,,CASHEL-L4,7,2026-09-08T07:06:00
M0000331,HRS-RE-2609-03,ring_electrode_od_mm,2.4905,2.55,2.45,2.5,,CASHEL-L4,8,2026-09-08T07:09:00
M0000332,HRS-RE-2609-03,ring_electrode_od_mm,2.4997,2.55,2.45,2.5,,CASHEL-L4,1,2026-09-08T07:12:00
M0000333,HRS-RE-2609-03,ring_electrode_od_mm,2.4994,2.55,2.45,2.5,,CASHEL-L4,2,2026-09-08T07:15:00
M0000334,HRS-RE-2609-03,ring_electrode_od_mm,2.4916,2.55,2.45,2.5,,CASHEL-L4,3,2026-09-08T07:18:00
M0000335,HRS-RE-2609-03,ring_electrode_od_mm,2.5006,2.55,2.45,2.5,,CASHEL-L4,4,2026-09-08T07:21:00
M0000336,HRS-RE-2609-03,ring_electrode_od_mm,2.4904,2.55,2.45,2.5,,CASHEL-L4,5,2026-09-08T07:24:00
M0000337,HRS-RE-2609-03,ring_electrode_od_mm,2.5001,2.55,2.45,2.5,,CASHEL-L4,6,2026-09-08T07:27:00
M0000338,HRS-RE-2609-03,ring_electrode_od_mm,2.5031,2.55,2.45,2.5,,CASHEL-L4,7,2026-09-08T07:30:00
M0000339,HRS-RE-2609-03,ring_electrode_od_mm,2.4956,2.55,2.45,2.5,,CASHEL-L4,8,2026-09-08T07:33:00
M0000340,HRS-RE-2609-03,ring_electrode_od_mm,2.5045,2.55,2.45,2.5,,CASHEL-L4,1,2026-09-08T07:36:00
M0000341,HRS-RE-2609-03,ring_electrode_od_mm,2.4929,2.55,2.45,2.5,,CASHEL-L4,2,2026-09-08T07:39:00
M0000342,HRS-RE-2609-03,ring_electrode_od_mm,2.4935,2.55,2.45,2.5,,CASHEL-L4,3,2026-09-08T07:42:00
M0000343,HRS-RE-2609-03,ring_electrode_od_mm,2.5001,2.55,2.45,2.5,,CASHEL-L4,4,2026-09-08T07:45:00
M0000344,HRS-RE-2609-03,ring_electrode_od_mm,2.4919,2.55,2.45,2.5,,CASHEL-L4,5,2026-09-08T07:48:00
M0000345,HRS-RE-2609-03,ring_electrode_od_mm,2.4962,2.55,2.45,2.5,,CASHEL-L4,6,2026-09-08T07:51:00
M0000346,HRS-RE-2609-03,ring_electrode_od_mm,2.4974,2.55,2.45,2.5,,CASHEL-L4,7,2026-09-08T07:54:00
M0000347,HRS-RE-2609-03,ring_electrode_od_mm,2.4949,2.55,2.45,2.5,,CASHEL-L4,8,2026-09-08T07:57:00
M0000348,HRS-RE-2609-03,ring_electrode_od_mm,2.5009,2.55,2.45,2.5,,CASHEL-L4,1,2026-09-08T08:00:00
M0000349,HRS-RE-2609-03,ring_electrode_od_mm,2.5085,2.55,2.45,2.5,,CASHEL-L4,2,2026-09-08T08:03:00
M0000350,HRS-RE-2609-03,ring_electrode_od_mm,2.5041,2.55,2.45,2.5,,CASHEL-L4,3,2026-09-08T08:06:00
M0000351,HRS-RE-2609-03,ring_electrode_od_mm,2.5051,2.55,2.45,2.5,,CASHEL-L4,4,2026-09-08T08:09:00
M0000352,HRS-RE-2609-03,ring_electrode_od_mm,2.5015,2.55,2.45,2.5,,CASHEL-L4,5,2026-09-08T08:12:00
M0000353,HRS-RE-2609-03,ring_electrode_od_mm,2.4973,2.55,2.45,2.5,,CASHEL-L4,6,2026-09-08T08:15:00
M0000354,HRS-RE-2609-03,ring_electrode_od_mm,2.4912,2.55,2.45,2.5,,CASHEL-L4,7,2026-09-08T08:18:00
M0000355,HRS-RE-2609-03,ring_electrode_od_mm,2.5012,2.55,2.45,2.5,,CASHEL-L4,8,2026-09-08T08:21:00
M0000356,HRS-RE-2609-03,ring_electrode_od_mm,2.5084,2.55,2.45,2.5,,CASHEL-L4,1,2026-09-08T08:24:00
M0000357,HRS-RE-2609-03,ring_electrode_od_mm,2.4968,2.55,2.45,2.5,,CASHEL-L4,2,2026-09-08T08:27:00
M0000358,HRS-RE-2609-03,ring_electrode_od_mm,2.5039,2.55,2.45,2.5,,CASHEL-L4,3,2026-09-08T08:30:00
M0000359,HRS-RE-2609-03,ring_electrode_od_mm,2.5026,2.55,2.45,2.5,,CASHEL-L4,4,2026-09-08T08:33:00
M0000360,HRS-RE-2609-03,ring_electrode_od_mm,2.4919,2.55,2.45,2.5,,CASHEL-L4,5,2026-09-08T08:36:00
M0000361,HRS-RE-2609-03,ring_electrode_od_mm,2.5045,2.55,2.45,2.5,,CASHEL-L4,6,2026-09-08T08:39:00
M0000362,HRS-RE-2609-03,ring_electrode_od_mm,2.4991,2.55,2.45,2.5,,CASHEL-L4,7,2026-09-08T08:42:00
M0000363,HRS-RE-2609-03,ring_electrode_od_mm,2.5065,2.55,2.45,2.5,,CASHEL-L4,8,2026-09-08T08:45:00
M0000364,HRS-RE-2609-03,ring_electrode_od_mm,2.4899,2.55,2.45,2.5,,CASHEL-L4,1,2026-09-08T08:48:00
M0000365,HRS-RE-2609-03,ring_electrode_od_mm,2.4969,2.55,2.45,2.5,,CASHEL-L4,2,2026-09-08T08:51:00
M0000366,HRS-RE-2609-03,ring_electrode_od_mm,2.4958,2.55,2.45,2.5,,CASHEL-L4,3,2026-09-08T08:54:00
M0000367,HRS-RE-2609-03,ring_electrode_od_mm,2.4978,2.55,2.45,2.5,,CASHEL-L4,4,2026-09-08T08:57:00
M0000368,HRS-RE-2609-03,ring_electrode_od_mm,2.4914,2.55,2.45,2.5,,CASHEL-L4,5,2026-09-08T09:00:00
M0000369,HRS-RE-2609-03,ring_electrode_od_mm,2.5044,2.55,2.45,2.5,,CASHEL-L4,6,2026-09-08T09:03:00
M0000370,HRS-RE-2609-03,ring_electrode_od_mm,2.5036,2.55,2.45,2.5,,CASHEL-L4,7,2026-09-08T09:06:00
M0000371,HRS-RE-2609-03,ring_electrode_od_mm,2.5061,2.55,2.45,2.5,,CASHEL-L4,8,2026-09-08T09:09:00
M0000372,HRS-RE-2609-03,ring_electrode_od_mm,2.5025,2.55,2.45,2.5,,CASHEL-L4,1,2026-09-08T09:12:00
M0000373,HRS-RE-2609-03,ring_electrode_od_mm,2.5026,2.55,2.45,2.5,,CASHEL-L4,2,2026-09-08T09:15:00
M0000374,HRS-RE-2609-03,ring_electrode_od_mm,2.4895,2.55,2.45,2.5,,CASHEL-L4,3,2026-09-08T09:18:00
M0000375,HRS-RE-2609-03,ring_electrode_od_mm,2.4949,2.55,2.45,2.5,,CASHEL-L4,4,2026-09-08T09:21:00
M0000376,HRS-RE-2609-03,ring_electrode_od_mm,2.4972,2.55,2.45,2.5,,CASHEL-L4,5,2026-09-08T09:24:00
M0000377,HRS-RE-2609-03,ring_electrode_od_mm,2.4939,2.55,2.45,2.5,,CASHEL-L4,6,2026-09-08T09:27:00
M0000378,HRS-RE-2609-03,ring_electrode_od_mm,2.4902,2.55,2.45,2.5,,CASHEL-L4,7,2026-09-08T09:30:00
M0000379,HRS-RE-2609-03,ring_electrode_od_mm,2.4962,2.55,2.45,2.5,,CASHEL-L4,8,2026-09-08T09:33:00
M0000380,HRS-RE-2609-03,ring_electrode_od_mm,2.5028,2.55,2.45,2.5,,CASHEL-L4,1,2026-09-08T09:36:00
M0000381,HRS-RE-2609-03,ring_electrode_od_mm,2.4986,2.55,2.45,2.5,,CASHEL-L4,2,2026-09-08T09:39:00
M0000382,HRS-RE-2609-03,ring_electrode_od_mm,2.5083,2.55,2.45,2.5,,CASHEL-L4,3,2026-09-08T09:42:00
M0000383,HRS-RE-2609-03,ring_electrode_od_mm,2.4897,2.55,2.45,2.5,,CASHEL-L4,4,2026-09-08T09:45:00
M0000384,HRS-RE-2609-03,ring_electrode_od_mm,2.494,2.55,2.45,2.5,,CASHEL-L4,5,2026-09-08T09:48:00
M0000385,HRS-RE-2609-03,ring_electrode_od_mm,2.5007,2.55,2.45,2.5,,CASHEL-L4,6,2026-09-08T09:51:00
M0000386,HRS-RE-2609-03,ring_electrode_od_mm,2.5008,2.55,2.45,2.5,,CASHEL-L4,7,2026-09-08T09:54:00
M0000387,HRS-RE-2609-03,ring_electrode_od_mm,2.5008,2.55,2.45,2.5,,CASHEL-L4,8,2026-09-08T09:57:00
M0000388,HRS-RE-2609-03,ring_electrode_od_mm,2.5009,2.55,2.45,2.5,,CASHEL-L4,1,2026-09-08T10:00:00
M0000389,HRS-RE-2609-03,ring_electrode_od_mm,2.5057,2.55,2.45,2.5,,CASHEL-L4,2,2026-09-08T10:03:00
M0000390,HRS-RE-2609-03,ring_electrode_od_mm,2.4946,2.55,2.45,2.5,,CASHEL-L4,3,2026-09-08T10:06:00
M0000391,HRS-RE-2609-03,ring_electrode_od_mm,2.509,2.55,2.45,2.5,,CASHEL-L4,4,2026-09-08T10:09:00
M0000392,HRS-RE-2609-03,ring_electrode_od_mm,2.495,2.55,2.45,2.5,,CASHEL-L4,5,2026-09-08T10:12:00
M0000393,HRS-RE-2609-03,ring_electrode_od_mm,2.4918,2.55,2.45,2.5,,CASHEL-L4,6,2026-09-08T10:15:00
M0000394,HRS-RE-2609-03,ring_electrode_od_mm,2.5035,2.55,2.45,2.5,,CASHEL-L4,7,2026-09-08T10:18:00
M0000395,HRS-RE-2609-03,ring_electrode_od_mm,2.4917,2.55,2.45,2.5,,CASHEL-L4,8,2026-09-08T10:21:00
M0000396,HRS-RE-2609-03,ring_electrode_od_mm,2.4956,2.55,2.45,2.5,,CASHEL-L4,1,2026-09-08T10:24:00
M0000397,HRS-RE-2609-03,ring_electrode_od_mm,2.5014,2.55,2.45,2.5,,CASHEL-L4,2,2026-09-08T10:27:00
M0000398,HRS-RE-2609-03,ring_electrode_od_mm,2.5034,2.55,2.45,2.5,,CASHEL-L4,3,2026-09-08T10:30:00
M0000399,HRS-RE-2609-03,ring_electrode_od_mm,2.498,2.55,2.45,2.5,,CASHEL-L4,4,2026-09-08T10:33:00
M0000400,HRS-RE-2609-03,ring_electrode_od_mm,2.4939,2.55,2.45,2.5,,CASHEL-L4,5,2026-09-08T10:36:00
M0000401,HRS-RE-2609-03,ring_electrode_od_mm,2.5034,2.55,2.45,2.5,,CASHEL-L4,6,2026-09-08T10:39:00
M0000402,HRS-RE-2609-03,ring_electrode_od_mm,2.4998,2.55,2.45,2.5,,CASHEL-L4,7,2026-09-08T10:42:00
M0000403,HRS-RE-2609-03,ring_electrode_od_mm,2.498,2.55,2.45,2.5,,CASHEL-L4,8,2026-09-08T10:45:00
M0000404,HRS-RE-2609-03,ring_electrode_od_mm,2.4947,2.55,2.45,2.5,,CASHEL-L4,1,2026-09-08T10:48:00
M0000405,HRS-RE-2609-03,ring_electrode_od_mm,2.4973,2.55,2.45,2.5,,CASHEL-L4,2,2026-09-08T10:51:00
M0000406,HRS-RE-2609-03,ring_electrode_od_mm,2.5093,2.55,2.45,2.5,,CASHEL-L4,3,2026-09-08T10:54:00
M0000407,HRS-RE-2609-03,ring_electrode_od_mm,2.5018,2.55,2.45,2.5,,CASHEL-L4,4,2026-09-08T10:57:00
M0000408,HRS-RE-2609-03,ring_electrode_od_mm,2.4933,2.55,2.45,2.5,,CASHEL-L4,5,2026-09-08T11:00:00
M0000409,HRS-RE-2609-03,ring_electrode_od_mm,2.5007,2.55,2.45,2.5,,CASHEL-L4,6,2026-09-08T11:03:00
M0000410,HRS-RE-2609-03,ring_electrode_od_mm,2.4918,2.55,2.45,2.5,,CASHEL-L4,7,2026-09-08T11:06:00
M0000411,HRS-RE-2609-03,ring_electrode_od_mm,2.4992,2.55,2.45,2.5,,CASHEL-L4,8,2026-09-08T11:09:00
M0000412,HRS-RE-2609-03,ring_electrode_od_mm,2.4965,2.55,2.45,2.5,,CASHEL-L4,1,2026-09-08T11:12:00
M0000413,HRS-RE-2609-03,ring_electrode_od_mm,2.5015,2.55,2.45,2.5,,CASHEL-L4,2,2026-09-08T11:15:00
M0000414,HRS-RE-2609-03,ring_electrode_od_mm,2.4997,2.55,2.45,2.5,,CASHEL-L4,3,2026-09-08T11:18:00
M0000415,HRS-RE-2609-03,ring_electrode_od_mm,2.4935,2.55,2.45,2.5,,CASHEL-L4,4,2026-09-08T11:21:00
M0000416,HRS-RE-2609-03,ring_electrode_od_mm,2.5041,2.55,2.45,2.5,,CASHEL-L4,5,2026-09-08T11:24:00
M0000417,HRS-RE-2609-03,ring_electrode_od_mm,2.5052,2.55,2.45,2.5,,CASHEL-L4,6,2026-09-08T11:27:00
M0000418,HRS-RE-2609-03,ring_electrode_od_mm,2.5062,2.55,2.45,2.5,,CASHEL-L4,7,2026-09-08T11:30:00
M0000419,HRS-RE-2609-03,ring_electrode_od_mm,2.4901,2.55,2.45,2.5,,CASHEL-L4,8,2026-09-08T11:33:00
M0000420,HRS-RE-2609-03,ring_electrode_od_mm,2.5002,2.55,2.45,2.5,,CASHEL-L4,1,2026-09-08T11:36:00
M0000421,HRS-RE-2609-03,ring_electrode_od_mm,2.5082,2.55,2.45,2.5,,CASHEL-L4,2,2026-09-08T11:39:00
M0000422,HRS-RE-2609-03,ring_electrode_od_mm,2.4937,2.55,2.45,2.5,,CASHEL-L4,3,2026-09-08T11:42:00
M0000423,HRS-RE-2609-03,ring_electrode_od_mm,2.5086,2.55,2.45,2.5,,CASHEL-L4,4,2026-09-08T11:45:00
M0000424,HRS-RE-2609-03,ring_electrode_od_mm,2.4916,2.55,2.45,2.5,,CASHEL-L4,5,2026-09-08T11:48:00
M0000425,HRS-RE-2609-03,ring_electrode_od_mm,2.4995,2.55,2.45,2.5,,CASHEL-L4,6,2026-09-08T11:51:00
M0000426,HRS-RE-2609-03,ring_electrode_od_mm,2.5037,2.55,2.45,2.5,,CASHEL-L4,7,2026-09-08T11:54:00
M0000427,HRS-RE-2609-03,ring_electrode_od_mm,2.4965,2.55,2.45,2.5,,CASHEL-L4,8,2026-09-08T11:57:00
M0000428,HRS-RE-2609-03,ring_electrode_od_mm,2.4999,2.55,2.45,2.5,,CASHEL-L4,1,2026-09-08T12:00:00
M0000429,HRS-RE-2609-03,ring_electrode_od_mm,2.5024,2.55,2.45,2.5,,CASHEL-L4,2,2026-09-08T12:03:00
M0000430,HRS-RE-2609-03,ring_electrode_od_mm,2.4949,2.55,2.45,2.5,,CASHEL-L4,3,2026-09-08T12:06:00
M0000431,HRS-RE-2609-03,ring_electrode_od_mm,2.4997,2.55,2.45,2.5,,CASHEL-L4,4,2026-09-08T12:09:00
M0000432,HRS-RE-2609-03,ring_electrode_od_mm,2.5034,2.55,2.45,2.5,,CASHEL-L4,5,2026-09-08T12:12:00
M0000433,HRS-RE-2609-03,ring_electrode_od_mm,2.5067,2.55,2.45,2.5,,CASHEL-L4,6,2026-09-08T12:15:00
M0000434,HRS-RE-2609-03,ring_electrode_od_mm,2.4984,2.55,2.45,2.5,,CASHEL-L4,7,2026-09-08T12:18:00
M0000435,HRS-RE-2609-03,ring_electrode_od_mm,2.5052,2.55,2.45,2.5,,CASHEL-L4,8,2026-09-08T12:21:00
M0000436,HRS-RE-2609-03,ring_electrode_od_mm,2.5015,2.55,2.45,2.5,,CASHEL-L4,1,2026-09-08T12:24:00
M0000437,HRS-RE-2609-03,ring_electrode_od_mm,2.4927,2.55,2.45,2.5,,CASHEL-L4,2,2026-09-08T12:27:00
M0000438,HRS-RE-2609-03,ring_electrode_od_mm,2.4964,2.55,2.45,2.5,,CASHEL-L4,3,2026-09-08T12:30:00
M0000439,HRS-RE-2609-03,ring_electrode_od_mm,2.5025,2.55,2.45,2.5,,CASHEL-L4,4,2026-09-08T12:33:00
M0000440,HRS-RE-2609-03,ring_electrode_od_mm,2.505,2.55,2.45,2.5,,CASHEL-L4,5,2026-09-08T12:36:00
M0000441,HRS-RE-2609-03,ring_electrode_od_mm,2.4937,2.55,2.45,2.5,,CASHEL-L4,6,2026-09-08T12:39:00
M0000442,HRS-RE-2609-03,ring_electrode_od_mm,2.4903,2.55,2.45,2.5,,CASHEL-L4,7,2026-09-08T12:42:00
M0000443,HRS-RE-2609-03,ring_electrode_od_mm,2.4989,2.55,2.45,2.5,,CASHEL-L4,8,2026-09-08T12:45:00
M0000444,HRS-RE-2609-03,ring_electrode_od_mm,2.4977,2.55,2.45,2.5,,CASHEL-L4,1,2026-09-08T12:48:00
M0000445,HRS-RE-2609-03,ring_electrode_od_mm,2.4959,2.55,2.45,2.5,,CASHEL-L4,2,2026-09-08T12:51:00
M0000446,HRS-RE-2609-03,ring_electrode_od_mm,2.49,2.55,2.45,2.5,,CASHEL-L4,3,2026-09-08T12:54:00
M0000447,HRS-RE-2609-03,ring_electrode_od_mm,2.4999,2.55,2.45,2.5,,CASHEL-L4,4,2026-09-08T12:57:00
M0000448,HRS-RE-2609-03,ring_electrode_od_mm,2.5093,2.55,2.45,2.5,,CASHEL-L4,5,2026-09-08T13:00:00
M0000449,HRS-RE-2609-03,ring_electrode_od_mm,2.507,2.55,2.45,2.5,,CASHEL-L4,6,2026-09-08T13:03:00
M0000450,HRS-RE-2609-03,ring_electrode_od_mm,2.4997,2.55,2.45,2.5,,CASHEL-L4,7,2026-09-08T13:06:00
M0000451,HRS-RE-2609-03,ring_electrode_od_mm,2.4927,2.55,2.45,2.5,,CASHEL-L4,8,2026-09-08T13:09:00
M0000452,HRS-RE-2609-03,ring_electrode_od_mm,2.4921,2.55,2.45,2.5,,CASHEL-L4,1,2026-09-08T13:12:00
M0000453,HRS-RE-2609-03,ring_electrode_od_mm,2.4901,2.55,2.45,2.5,,CASHEL-L4,2,2026-09-08T13:15:00
M0000454,HRS-RE-2609-03,ring_electrode_od_mm,2.5032,2.55,2.45,2.5,,CASHEL-L4,3,2026-09-08T13:18:00
M0000455,HRS-RE-2609-03,ring_electrode_od_mm,2.5074,2.55,2.45,2.5,,CASHEL-L4,4,2026-09-08T13:21:00
M0000456,HRS-RE-2609-03,ring_electrode_od_mm,2.4954,2.55,2.45,2.5,,CASHEL-L4,5,2026-09-08T13:24:00
M0000457,HRS-RE-2609-03,ring_electrode_od_mm,2.5069,2.55,2.45,2.5,,CASHEL-L4,6,2026-09-08T13:27:00
M0000458,HRS-RE-2609-03,ring_electrode_od_mm,2.5015,2.55,2.45,2.5,,CASHEL-L4,7,2026-09-08T13:30:00
M0000459,HRS-RE-2609-04,ring_electrode_od_mm,2.5008,2.55,2.45,2.5,,CASHEL-L4,1,2026-09-09T06:00:00
M0000460,HRS-RE-2609-04,ring_electrode_od_mm,2.4886,2.55,2.45,2.5,,CASHEL-L4,2,2026-09-09T06:03:00
M0000461,HRS-RE-2609-04,ring_electrode_od_mm,2.5072,2.55,2.45,2.5,,CASHEL-L4,3,2026-09-09T06:06:00
M0000462,HRS-RE-2609-04,ring_electrode_od_mm,2.5055,2.55,2.45,2.5,,CASHEL-L4,4,2026-09-09T06:09:00
M0000463,HRS-RE-2609-04,ring_electrode_od_mm,2.5017,2.55,2.45,2.5,,CASHEL-L4,5,2026-09-09T06:12:00
M0000464,HRS-RE-2609-04,ring_electrode_od_mm,2.495,2.55,2.45,2.5,,CASHEL-L4,6,2026-09-09T06:15:00
M0000465,HRS-RE-2609-04,ring_electrode_od_mm,2.5062,2.55,2.45,2.5,,CASHEL-L4,7,2026-09-09T06:18:00
M0000466,HRS-RE-2609-04,ring_electrode_od_mm,2.49,2.55,2.45,2.5,,CASHEL-L4,8,2026-09-09T06:21:00
M0000467,HRS-RE-2609-04,ring_electrode_od_mm,2.5044,2.55,2.45,2.5,,CASHEL-L4,1,2026-09-09T06:24:00
M0000468,HRS-RE-2609-04,ring_electrode_od_mm,2.4928,2.55,2.45,2.5,,CASHEL-L4,2,2026-09-09T06:27:00
M0000469,HRS-RE-2609-04,ring_electrode_od_mm,2.4876,2.55,2.45,2.5,,CASHEL-L4,3,2026-09-09T06:30:00
M0000470,HRS-RE-2609-04,ring_electrode_od_mm,2.5047,2.55,2.45,2.5,,CASHEL-L4,4,2026-09-09T06:33:00
M0000471,HRS-RE-2609-04,ring_electrode_od_mm,2.4891,2.55,2.45,2.5,,CASHEL-L4,5,2026-09-09T06:36:00
M0000472,HRS-RE-2609-04,ring_electrode_od_mm,2.4905,2.55,2.45,2.5,,CASHEL-L4,6,2026-09-09T06:39:00
M0000473,HRS-RE-2609-04,ring_electrode_od_mm,2.4896,2.55,2.45,2.5,,CASHEL-L4,7,2026-09-09T06:42:00
M0000474,HRS-RE-2609-04,ring_electrode_od_mm,2.4924,2.55,2.45,2.5,,CASHEL-L4,8,2026-09-09T06:45:00
M0000475,HRS-RE-2609-04,ring_electrode_od_mm,2.5026,2.55,2.45,2.5,,CASHEL-L4,1,2026-09-09T06:48:00
M0000476,HRS-RE-2609-04,ring_electrode_od_mm,2.5026,2.55,2.45,2.5,,CASHEL-L4,2,2026-09-09T06:51:00
M0000477,HRS-RE-2609-04,ring_electrode_od_mm,2.494,2.55,2.45,2.5,,CASHEL-L4,3,2026-09-09T06:54:00
M0000478,HRS-RE-2609-04,ring_electrode_od_mm,2.5032,2.55,2.45,2.5,,CASHEL-L4,4,2026-09-09T06:57:00
M0000479,HRS-RE-2609-04,ring_electrode_od_mm,2.4914,2.55,2.45,2.5,,CASHEL-L4,5,2026-09-09T07:00:00
M0000480,HRS-RE-2609-04,ring_electrode_od_mm,2.4965,2.55,2.45,2.5,,CASHEL-L4,6,2026-09-09T07:03:00
M0000481,HRS-RE-2609-04,ring_electrode_od_mm,2.5026,2.55,2.45,2.5,,CASHEL-L4,7,2026-09-09T07:06:00
M0000482,HRS-RE-2609-04,ring_electrode_od_mm,2.5015,2.55,2.45,2.5,,CASHEL-L4,8,2026-09-09T07:09:00
M0000483,HRS-RE-2609-04,ring_electrode_od_mm,2.5032,2.55,2.45,2.5,,CASHEL-L4,1,2026-09-09T07:12:00
M0000484,HRS-RE-2609-04,ring_electrode_od_mm,2.4957,2.55,2.45,2.5,,CASHEL-L4,2,2026-09-09T07:15:00
M0000485,HRS-RE-2609-04,ring_electrode_od_mm,2.4935,2.55,2.45,2.5,,CASHEL-L4,3,2026-09-09T07:18:00
M0000486,HRS-RE-2609-04,ring_electrode_od_mm,2.4969,2.55,2.45,2.5,,CASHEL-L4,4,2026-09-09T07:21:00
M0000487,HRS-RE-2609-04,ring_electrode_od_mm,2.5061,2.55,2.45,2.5,,CASHEL-L4,5,2026-09-09T07:24:00
M0000488,HRS-RE-2609-04,ring_electrode_od_mm,2.4877,2.55,2.45,2.5,,CASHEL-L4,6,2026-09-09T07:27:00
M0000489,HRS-RE-2609-04,ring_electrode_od_mm,2.4994,2.55,2.45,2.5,,CASHEL-L4,7,2026-09-09T07:30:00
M0000490,HRS-RE-2609-04,ring_electrode_od_mm,2.4933,2.55,2.45,2.5,,CASHEL-L4,8,2026-09-09T07:33:00
M0000491,HRS-RE-2609-04,ring_electrode_od_mm,2.4994,2.55,2.45,2.5,,CASHEL-L4,1,2026-09-09T07:36:00
M0000492,HRS-RE-2609-04,ring_electrode_od_mm,2.4929,2.55,2.45,2.5,,CASHEL-L4,2,2026-09-09T07:39:00
M0000493,HRS-RE-2609-04,ring_electrode_od_mm,2.4938,2.55,2.45,2.5,,CASHEL-L4,3,2026-09-09T07:42:00
M0000494,HRS-RE-2609-04,ring_electrode_od_mm,2.5048,2.55,2.45,2.5,,CASHEL-L4,4,2026-09-09T07:45:00
M0000495,HRS-RE-2609-04,ring_electrode_od_mm,2.4974,2.55,2.45,2.5,,CASHEL-L4,5,2026-09-09T07:48:00
M0000496,HRS-RE-2609-04,ring_electrode_od_mm,2.5062,2.55,2.45,2.5,,CASHEL-L4,6,2026-09-09T07:51:00
M0000497,HRS-RE-2609-04,ring_electrode_od_mm,2.4928,2.55,2.45,2.5,,CASHEL-L4,7,2026-09-09T07:54:00
M0000498,HRS-RE-2609-04,ring_electrode_od_mm,2.5023,2.55,2.45,2.5,,CASHEL-L4,8,2026-09-09T07:57:00
M0000499,HRS-RE-2609-04,ring_electrode_od_mm,2.5008,2.55,2.45,2.5,,CASHEL-L4,1,2026-09-09T08:00:00
M0000500,HRS-RE-2609-04,ring_electrode_od_mm,2.494,2.55,2.45,2.5,,CASHEL-L4,2,2026-09-09T08:03:00
M0000501,HRS-RE-2609-04,ring_electrode_od_mm,2.4952,2.55,2.45,2.5,,CASHEL-L4,3,2026-09-09T08:06:00
M0000502,HRS-RE-2609-04,ring_electrode_od_mm,2.5035,2.55,2.45,2.5,,CASHEL-L4,4,2026-09-09T08:09:00
M0000503,HRS-RE-2609-04,ring_electrode_od_mm,2.4895,2.55,2.45,2.5,,CASHEL-L4,5,2026-09-09T08:12:00
M0000504,HRS-RE-2609-04,ring_electrode_od_mm,2.4959,2.55,2.45,2.5,,CASHEL-L4,6,2026-09-09T08:15:00
M0000505,HRS-RE-2609-04,ring_electrode_od_mm,2.4886,2.55,2.45,2.5,,CASHEL-L4,7,2026-09-09T08:18:00
M0000506,HRS-RE-2609-04,ring_electrode_od_mm,2.4979,2.55,2.45,2.5,,CASHEL-L4,8,2026-09-09T08:21:00
M0000507,HRS-RE-2609-04,ring_electrode_od_mm,2.4916,2.55,2.45,2.5,,CASHEL-L4,1,2026-09-09T08:24:00
M0000508,HRS-RE-2609-04,ring_electrode_od_mm,2.493,2.55,2.45,2.5,,CASHEL-L4,2,2026-09-09T08:27:00
M0000509,HRS-RE-2609-04,ring_electrode_od_mm,2.4927,2.55,2.45,2.5,,CASHEL-L4,3,2026-09-09T08:30:00
M0000510,HRS-RE-2609-04,ring_electrode_od_mm,2.4884,2.55,2.45,2.5,,CASHEL-L4,4,2026-09-09T08:33:00
M0000511,HRS-RE-2609-04,ring_electrode_od_mm,2.4971,2.55,2.45,2.5,,CASHEL-L4,5,2026-09-09T08:36:00
M0000512,HRS-RE-2609-04,ring_electrode_od_mm,2.5073,2.55,2.45,2.5,,CASHEL-L4,6,2026-09-09T08:39:00
M0000513,HRS-RE-2609-04,ring_electrode_od_mm,2.5009,2.55,2.45,2.5,,CASHEL-L4,7,2026-09-09T08:42:00
M0000514,HRS-RE-2609-04,ring_electrode_od_mm,2.4927,2.55,2.45,2.5,,CASHEL-L4,8,2026-09-09T08:45:00
M0000515,HRS-RE-2609-04,ring_electrode_od_mm,2.501,2.55,2.45,2.5,,CASHEL-L4,1,2026-09-09T08:48:00
M0000516,HRS-RE-2609-04,ring_electrode_od_mm,2.496,2.55,2.45,2.5,,CASHEL-L4,2,2026-09-09T08:51:00
M0000517,HRS-RE-2609-04,ring_electrode_od_mm,2.4924,2.55,2.45,2.5,,CASHEL-L4,3,2026-09-09T08:54:00
M0000518,HRS-RE-2609-04,ring_electrode_od_mm,2.4881,2.55,2.45,2.5,,CASHEL-L4,4,2026-09-09T08:57:00
M0000519,HRS-RE-2609-04,ring_electrode_od_mm,2.4979,2.55,2.45,2.5,,CASHEL-L4,5,2026-09-09T09:00:00
M0000520,HRS-RE-2609-04,ring_electrode_od_mm,2.4942,2.55,2.45,2.5,,CASHEL-L4,6,2026-09-09T09:03:00
M0000521,HRS-RE-2609-04,ring_electrode_od_mm,2.4939,2.55,2.45,2.5,,CASHEL-L4,7,2026-09-09T09:06:00
M0000522,HRS-RE-2609-04,ring_electrode_od_mm,2.503,2.55,2.45,2.5,,CASHEL-L4,8,2026-09-09T09:09:00
M0000523,HRS-RE-2609-04,ring_electrode_od_mm,2.4988,2.55,2.45,2.5,,CASHEL-L4,1,2026-09-09T09:12:00
M0000524,HRS-RE-2609-04,ring_electrode_od_mm,2.5022,2.55,2.45,2.5,,CASHEL-L4,2,2026-09-09T09:15:00
M0000525,HRS-RE-2609-04,ring_electrode_od_mm,2.5043,2.55,2.45,2.5,,CASHEL-L4,3,2026-09-09T09:18:00
M0000526,HRS-RE-2609-04,ring_electrode_od_mm,2.4994,2.55,2.45,2.5,,CASHEL-L4,4,2026-09-09T09:21:00
M0000527,HRS-RE-2609-04,ring_electrode_od_mm,2.5034,2.55,2.45,2.5,,CASHEL-L4,5,2026-09-09T09:24:00
M0000528,HRS-RE-2609-04,ring_electrode_od_mm,2.4998,2.55,2.45,2.5,,CASHEL-L4,6,2026-09-09T09:27:00
M0000529,HRS-RE-2609-04,ring_electrode_od_mm,2.5016,2.55,2.45,2.5,,CASHEL-L4,7,2026-09-09T09:30:00
M0000530,HRS-RE-2609-04,ring_electrode_od_mm,2.4905,2.55,2.45,2.5,,CASHEL-L4,8,2026-09-09T09:33:00
M0000531,HRS-RE-2609-04,ring_electrode_od_mm,2.4966,2.55,2.45,2.5,,CASHEL-L4,1,2026-09-09T09:36:00
M0000532,HRS-RE-2609-04,ring_electrode_od_mm,2.5011,2.55,2.45,2.5,,CASHEL-L4,2,2026-09-09T09:39:00
M0000533,HRS-RE-2609-04,ring_electrode_od_mm,2.4906,2.55,2.45,2.5,,CASHEL-L4,3,2026-09-09T09:42:00
M0000534,HRS-RE-2609-04,ring_electrode_od_mm,2.5054,2.55,2.45,2.5,,CASHEL-L4,4,2026-09-09T09:45:00
M0000535,HRS-RE-2609-04,ring_electrode_od_mm,2.4974,2.55,2.45,2.5,,CASHEL-L4,5,2026-09-09T09:48:00
M0000536,HRS-RE-2609-04,ring_electrode_od_mm,2.5011,2.55,2.45,2.5,,CASHEL-L4,6,2026-09-09T09:51:00
M0000537,HRS-RE-2609-04,ring_electrode_od_mm,2.5057,2.55,2.45,2.5,,CASHEL-L4,7,2026-09-09T09:54:00
M0000538,HRS-RE-2609-04,ring_electrode_od_mm,2.5027,2.55,2.45,2.5,,CASHEL-L4,8,2026-09-09T09:57:00
M0000539,HRS-RE-2609-04,ring_electrode_od_mm,2.4962,2.55,2.45,2.5,,CASHEL-L4,1,2026-09-09T10:00:00
M0000540,HRS-RE-2609-04,ring_electrode_od_mm,2.4883,2.55,2.45,2.5,,CASHEL-L4,2,2026-09-09T10:03:00
M0000541,HRS-RE-2609-04,ring_electrode_od_mm,2.4932,2.55,2.45,2.5,,CASHEL-L4,3,2026-09-09T10:06:00
M0000542,HRS-RE-2609-04,ring_electrode_od_mm,2.4881,2.55,2.45,2.5,,CASHEL-L4,4,2026-09-09T10:09:00
M0000543,HRS-RE-2609-04,ring_electrode_od_mm,2.4904,2.55,2.45,2.5,,CASHEL-L4,5,2026-09-09T10:12:00
M0000544,HRS-RE-2609-04,ring_electrode_od_mm,2.4889,2.55,2.45,2.5,,CASHEL-L4,6,2026-09-09T10:15:00
M0000545,HRS-RE-2609-04,ring_electrode_od_mm,2.507,2.55,2.45,2.5,,CASHEL-L4,7,2026-09-09T10:18:00
M0000546,HRS-RE-2609-04,ring_electrode_od_mm,2.4976,2.55,2.45,2.5,,CASHEL-L4,8,2026-09-09T10:21:00
M0000547,HRS-RE-2609-04,ring_electrode_od_mm,2.5068,2.55,2.45,2.5,,CASHEL-L4,1,2026-09-09T10:24:00
M0000548,HRS-RE-2609-04,ring_electrode_od_mm,2.4905,2.55,2.45,2.5,,CASHEL-L4,2,2026-09-09T10:27:00
M0000549,HRS-RE-2609-04,ring_electrode_od_mm,2.4922,2.55,2.45,2.5,,CASHEL-L4,3,2026-09-09T10:30:00
M0000550,HRS-RE-2609-04,ring_electrode_od_mm,2.4883,2.55,2.45,2.5,,CASHEL-L4,4,2026-09-09T10:33:00
M0000551,HRS-RE-2609-04,ring_electrode_od_mm,2.4974,2.55,2.45,2.5,,CASHEL-L4,5,2026-09-09T10:36:00
M0000552,HRS-RE-2609-04,ring_electrode_od_mm,2.4975,2.55,2.45,2.5,,CASHEL-L4,6,2026-09-09T10:39:00
M0000553,HRS-RE-2609-04,ring_electrode_od_mm,2.5026,2.55,2.45,2.5,,CASHEL-L4,7,2026-09-09T10:42:00
M0000554,HRS-RE-2609-04,ring_electrode_od_mm,2.5041,2.55,2.45,2.5,,CASHEL-L4,8,2026-09-09T10:45:00
M0000555,HRS-RE-2609-04,ring_electrode_od_mm,2.4942,2.55,2.45,2.5,,CASHEL-L4,1,2026-09-09T10:48:00
M0000556,HRS-RE-2609-04,ring_electrode_od_mm,2.4878,2.55,2.45,2.5,,CASHEL-L4,2,2026-09-09T10:51:00
M0000557,HRS-RE-2609-04,ring_electrode_od_mm,2.5033,2.55,2.45,2.5,,CASHEL-L4,3,2026-09-09T10:54:00
M0000558,HRS-RE-2609-04,ring_electrode_od_mm,2.4944,2.55,2.45,2.5,,CASHEL-L4,4,2026-09-09T10:57:00
M0000559,HRS-RE-2609-04,ring_electrode_od_mm,2.5024,2.55,2.45,2.5,,CASHEL-L4,5,2026-09-09T11:00:00
M0000560,HRS-RE-2609-04,ring_electrode_od_mm,2.5039,2.55,2.45,2.5,,CASHEL-L4,6,2026-09-09T11:03:00
M0000561,HRS-RE-2609-04,ring_electrode_od_mm,2.501,2.55,2.45,2.5,,CASHEL-L4,7,2026-09-09T11:06:00
M0000562,HRS-RE-2609-04,ring_electrode_od_mm,2.4911,2.55,2.45,2.5,,CASHEL-L4,8,2026-09-09T11:09:00
M0000563,HRS-RE-2609-04,ring_electrode_od_mm,2.4909,2.55,2.45,2.5,,CASHEL-L4,1,2026-09-09T11:12:00
M0000564,HRS-RE-2609-04,ring_electrode_od_mm,2.4998,2.55,2.45,2.5,,CASHEL-L4,2,2026-09-09T11:15:00
M0000565,HRS-RE-2609-04,ring_electrode_od_mm,2.5074,2.55,2.45,2.5,,CASHEL-L4,3,2026-09-09T11:18:00
M0000566,HRS-RE-2609-04,ring_electrode_od_mm,2.4879,2.55,2.45,2.5,,CASHEL-L4,4,2026-09-09T11:21:00
M0000567,HRS-RE-2609-04,ring_electrode_od_mm,2.4944,2.55,2.45,2.5,,CASHEL-L4,5,2026-09-09T11:24:00
M0000568,HRS-RE-2609-04,ring_electrode_od_mm,2.5048,2.55,2.45,2.5,,CASHEL-L4,6,2026-09-09T11:27:00
M0000569,HRS-RE-2609-04,ring_electrode_od_mm,2.5054,2.55,2.45,2.5,,CASHEL-L4,7,2026-09-09T11:30:00
M0000570,HRS-RE-2609-04,ring_electrode_od_mm,2.5061,2.55,2.45,2.5,,CASHEL-L4,8,2026-09-09T11:33:00
M0000571,HRS-RE-2609-04,ring_electrode_od_mm,2.4955,2.55,2.45,2.5,,CASHEL-L4,1,2026-09-09T11:36:00
M0000572,HRS-RE-2609-04,ring_electrode_od_mm,2.5003,2.55,2.45,2.5,,CASHEL-L4,2,2026-09-09T11:39:00
M0000573,HRS-RE-2609-04,ring_electrode_od_mm,2.5012,2.55,2.45,2.5,,CASHEL-L4,3,2026-09-09T11:42:00
M0000574,HRS-RE-2609-04,ring_electrode_od_mm,2.5024,2.55,2.45,2.5,,CASHEL-L4,4,2026-09-09T11:45:00
M0000575,HRS-RE-2609-04,ring_electrode_od_mm,2.5068,2.55,2.45,2.5,,CASHEL-L4,5,2026-09-09T11:48:00
M0000576,HRS-RE-2609-04,ring_electrode_od_mm,2.4939,2.55,2.45,2.5,,CASHEL-L4,6,2026-09-09T11:51:00
M0000577,HRS-RE-2609-04,ring_electrode_od_mm,2.5042,2.55,2.45,2.5,,CASHEL-L4,7,2026-09-09T11:54:00
M0000578,HRS-RE-2609-04,ring_electrode_od_mm,2.4977,2.55,2.45,2.5,,CASHEL-L4,8,2026-09-09T11:57:00
M0000579,HRS-RE-2609-04,ring_electrode_od_mm,2.4966,2.55,2.45,2.5,,CASHEL-L4,1,2026-09-09T12:00:00
M0000580,HRS-RE-2609-04,ring_electrode_od_mm,2.5033,2.55,2.45,2.5,,CASHEL-L4,2,2026-09-09T12:03:00
M0000581,HRS-RE-2609-04,ring_electrode_od_mm,2.4884,2.55,2.45,2.5,,CASHEL-L4,3,2026-09-09T12:06:00
M0000582,HRS-RE-2609-04,ring_electrode_od_mm,2.4944,2.55,2.45,2.5,,CASHEL-L4,4,2026-09-09T12:09:00
M0000583,HRS-RE-2609-04,ring_electrode_od_mm,2.49,2.55,2.45,2.5,,CASHEL-L4,5,2026-09-09T12:12:00
M0000584,HRS-RE-2609-04,ring_electrode_od_mm,2.4953,2.55,2.45,2.5,,CASHEL-L4,6,2026-09-09T12:15:00
M0000585,HRS-RE-2609-04,ring_electrode_od_mm,2.4976,2.55,2.45,2.5,,CASHEL-L4,7,2026-09-09T12:18:00
M0000586,HRS-RE-2609-04,ring_electrode_od_mm,2.4917,2.55,2.45,2.5,,CASHEL-L4,8,2026-09-09T12:21:00
M0000587,HRS-RE-2609-04,ring_electrode_od_mm,2.4927,2.55,2.45,2.5,,CASHEL-L4,1,2026-09-09T12:24:00
M0000588,HRS-RE-2609-04,ring_electrode_od_mm,2.5029,2.55,2.45,2.5,,CASHEL-L4,2,2026-09-09T12:27:00
M0000589,HRS-RE-2609-04,ring_electrode_od_mm,2.488,2.55,2.45,2.5,,CASHEL-L4,3,2026-09-09T12:30:00
M0000590,HRS-RE-2609-04,ring_electrode_od_mm,2.4981,2.55,2.45,2.5,,CASHEL-L4,4,2026-09-09T12:33:00
M0000591,HRS-RE-2609-04,ring_electrode_od_mm,2.5053,2.55,2.45,2.5,,CASHEL-L4,5,2026-09-09T12:36:00
M0000592,HRS-RE-2609-04,ring_electrode_od_mm,2.4877,2.55,2.45,2.5,,CASHEL-L4,6,2026-09-09T12:39:00
M0000593,HRS-RE-2609-04,ring_electrode_od_mm,2.5065,2.55,2.45,2.5,,CASHEL-L4,7,2026-09-09T12:42:00
M0000594,HRS-RE-2609-04,ring_electrode_od_mm,2.4987,2.55,2.45,2.5,,CASHEL-L4,8,2026-09-09T12:45:00
M0000595,HRS-RE-2609-04,ring_electrode_od_mm,2.489,2.55,2.45,2.5,,CASHEL-L4,1,2026-09-09T12:48:00
M0000596,HRS-RE-2609-04,ring_electrode_od_mm,2.49,2.55,2.45,2.5,,CASHEL-L4,2,2026-09-09T12:51:00
M0000597,HRS-RE-2609-04,ring_electrode_od_mm,2.5005,2.55,2.45,2.5,,CASHEL-L4,3,2026-09-09T12:54:00
M0000598,HRS-RE-2609-04,ring_electrode_od_mm,2.4918,2.55,2.45,2.5,,CASHEL-L4,4,2026-09-09T12:57:00
M0000599,HRS-RE-2609-04,ring_electrode_od_mm,2.4926,2.55,2.45,2.5,,CASHEL-L4,5,2026-09-09T13:00:00
M0000600,HRS-RE-2609-04,ring_electrode_od_mm,2.4968,2.55,2.45,2.5,,CASHEL-L4,6,2026-09-09T13:03:00
M0000601,HRS-RE-2609-04,ring_electrode_od_mm,2.5042,2.55,2.45,2.5,,CASHEL-L4,7,2026-09-09T13:06:00
M0000602,HRS-RE-2609-04,ring_electrode_od_mm,2.504,2.55,2.45,2.5,,CASHEL-L4,8,2026-09-09T13:09:00
M0000603,HRS-RE-2609-04,ring_electrode_od_mm,2.4881,2.55,2.45,2.5,,CASHEL-L4,1,2026-09-09T13:12:00
M0000604,HRS-RE-2609-04,ring_electrode_od_mm,2.5056,2.55,2.45,2.5,,CASHEL-L4,2,2026-09-09T13:15:00
M0000605,HRS-RE-2609-04,ring_electrode_od_mm,2.4886,2.55,2.45,2.5,,CASHEL-L4,3,2026-09-09T13:18:00
M0000606,HRS-RE-2609-04,ring_electrode_od_mm,2.4913,2.55,2.45,2.5,,CASHEL-L4,4,2026-09-09T13:21:00
M0000607,HRS-RE-2609-04,ring_electrode_od_mm,2.5003,2.55,2.45,2.5,,CASHEL-L4,5,2026-09-09T13:24:00
M0000608,HRS-RE-2609-04,ring_electrode_od_mm,2.495,2.55,2.45,2.5,,CASHEL-L4,6,2026-09-09T13:27:00
M0000609,HRS-RE-2609-04,ring_electrode_od_mm,2.4968,2.55,2.45,2.5,,CASHEL-L4,7,2026-09-09T13:30:00
M0000610,HRS-RE-2609-04,ring_electrode_od_mm,2.4965,2.55,2.45,2.5,,CASHEL-L4,8,2026-09-09T13:33:00
M0000611,HRS-RE-2609-04,ring_electrode_od_mm,2.5014,2.55,2.45,2.5,,CASHEL-L4,1,2026-09-09T13:36:00
M0000612,HRS-RE-2609-04,ring_electrode_od_mm,2.5012,2.55,2.45,2.5,,CASHEL-L4,2,2026-09-09T13:39:00
M0000613,HRS-RE-2609-04,ring_electrode_od_mm,2.506,2.55,2.45,2.5,,CASHEL-L4,3,2026-09-09T13:42:00
M0000614,HRS-RE-2609-05,ring_electrode_od_mm,2.4939,2.55,2.45,2.5,,CASHEL-L4,1,2026-09-10T06:00:00
M0000615,HRS-RE-2609-05,ring_electrode_od_mm,2.5005,2.55,2.45,2.5,,CASHEL-L4,2,2026-09-10T06:03:00
M0000616,HRS-RE-2609-05,ring_electrode_od_mm,2.503,2.55,2.45,2.5,,CASHEL-L4,3,2026-09-10T06:06:00
M0000617,HRS-RE-2609-05,ring_electrode_od_mm,2.501,2.55,2.45,2.5,,CASHEL-L4,4,2026-09-10T06:09:00
M0000618,HRS-RE-2609-05,ring_electrode_od_mm,2.4905,2.55,2.45,2.5,,CASHEL-L4,5,2026-09-10T06:12:00
M0000619,HRS-RE-2609-05,ring_electrode_od_mm,2.5038,2.55,2.45,2.5,,CASHEL-L4,6,2026-09-10T06:15:00
M0000620,HRS-RE-2609-05,ring_electrode_od_mm,2.5059,2.55,2.45,2.5,,CASHEL-L4,7,2026-09-10T06:18:00
M0000621,HRS-RE-2609-05,ring_electrode_od_mm,2.4928,2.55,2.45,2.5,,CASHEL-L4,8,2026-09-10T06:21:00
M0000622,HRS-RE-2609-05,ring_electrode_od_mm,2.492,2.55,2.45,2.5,,CASHEL-L4,1,2026-09-10T06:24:00
M0000623,HRS-RE-2609-05,ring_electrode_od_mm,2.5012,2.55,2.45,2.5,,CASHEL-L4,2,2026-09-10T06:27:00
M0000624,HRS-RE-2609-05,ring_electrode_od_mm,2.4933,2.55,2.45,2.5,,CASHEL-L4,3,2026-09-10T06:30:00
M0000625,HRS-RE-2609-05,ring_electrode_od_mm,2.5068,2.55,2.45,2.5,,CASHEL-L4,4,2026-09-10T06:33:00
M0000626,HRS-RE-2609-05,ring_electrode_od_mm,2.5069,2.55,2.45,2.5,,CASHEL-L4,5,2026-09-10T06:36:00
M0000627,HRS-RE-2609-05,ring_electrode_od_mm,2.5007,2.55,2.45,2.5,,CASHEL-L4,6,2026-09-10T06:39:00
M0000628,HRS-RE-2609-05,ring_electrode_od_mm,2.4968,2.55,2.45,2.5,,CASHEL-L4,7,2026-09-10T06:42:00
M0000629,HRS-RE-2609-05,ring_electrode_od_mm,2.5018,2.55,2.45,2.5,,CASHEL-L4,8,2026-09-10T06:45:00
M0000630,HRS-RE-2609-05,ring_electrode_od_mm,2.4906,2.55,2.45,2.5,,CASHEL-L4,1,2026-09-10T06:48:00
M0000631,HRS-RE-2609-05,ring_electrode_od_mm,2.5004,2.55,2.45,2.5,,CASHEL-L4,2,2026-09-10T06:51:00
M0000632,HRS-RE-2609-05,ring_electrode_od_mm,2.4917,2.55,2.45,2.5,,CASHEL-L4,3,2026-09-10T06:54:00
M0000633,HRS-RE-2609-05,ring_electrode_od_mm,2.5016,2.55,2.45,2.5,,CASHEL-L4,4,2026-09-10T06:57:00
M0000634,HRS-RE-2609-05,ring_electrode_od_mm,2.4934,2.55,2.45,2.5,,CASHEL-L4,5,2026-09-10T07:00:00
M0000635,HRS-RE-2609-05,ring_electrode_od_mm,2.4991,2.55,2.45,2.5,,CASHEL-L4,6,2026-09-10T07:03:00
M0000636,HRS-RE-2609-05,ring_electrode_od_mm,2.493,2.55,2.45,2.5,,CASHEL-L4,7,2026-09-10T07:06:00
M0000637,HRS-RE-2609-05,ring_electrode_od_mm,2.4926,2.55,2.45,2.5,,CASHEL-L4,8,2026-09-10T07:09:00
M0000638,HRS-RE-2609-05,ring_electrode_od_mm,2.5037,2.55,2.45,2.5,,CASHEL-L4,1,2026-09-10T07:12:00
M0000639,HRS-RE-2609-05,ring_electrode_od_mm,2.5019,2.55,2.45,2.5,,CASHEL-L4,2,2026-09-10T07:15:00
M0000640,HRS-RE-2609-05,ring_electrode_od_mm,2.5065,2.55,2.45,2.5,,CASHEL-L4,3,2026-09-10T07:18:00
M0000641,HRS-RE-2609-05,ring_electrode_od_mm,2.5082,2.55,2.45,2.5,,CASHEL-L4,4,2026-09-10T07:21:00
M0000642,HRS-RE-2609-05,ring_electrode_od_mm,2.501,2.55,2.45,2.5,,CASHEL-L4,5,2026-09-10T07:24:00
M0000643,HRS-RE-2609-05,ring_electrode_od_mm,2.4897,2.55,2.45,2.5,,CASHEL-L4,6,2026-09-10T07:27:00
M0000644,HRS-RE-2609-05,ring_electrode_od_mm,2.4917,2.55,2.45,2.5,,CASHEL-L4,7,2026-09-10T07:30:00
M0000645,HRS-RE-2609-05,ring_electrode_od_mm,2.4914,2.55,2.45,2.5,,CASHEL-L4,8,2026-09-10T07:33:00
M0000646,HRS-RE-2609-05,ring_electrode_od_mm,2.5074,2.55,2.45,2.5,,CASHEL-L4,1,2026-09-10T07:36:00
M0000647,HRS-RE-2609-05,ring_electrode_od_mm,2.4923,2.55,2.45,2.5,,CASHEL-L4,2,2026-09-10T07:39:00
M0000648,HRS-RE-2609-05,ring_electrode_od_mm,2.5074,2.55,2.45,2.5,,CASHEL-L4,3,2026-09-10T07:42:00
M0000649,HRS-RE-2609-05,ring_electrode_od_mm,2.5011,2.55,2.45,2.5,,CASHEL-L4,4,2026-09-10T07:45:00
M0000650,HRS-RE-2609-05,ring_electrode_od_mm,2.4897,2.55,2.45,2.5,,CASHEL-L4,5,2026-09-10T07:48:00
M0000651,HRS-RE-2609-05,ring_electrode_od_mm,2.5008,2.55,2.45,2.5,,CASHEL-L4,6,2026-09-10T07:51:00
M0000652,HRS-RE-2609-05,ring_electrode_od_mm,2.4936,2.55,2.45,2.5,,CASHEL-L4,7,2026-09-10T07:54:00
M0000653,HRS-RE-2609-05,ring_electrode_od_mm,2.5077,2.55,2.45,2.5,,CASHEL-L4,8,2026-09-10T07:57:00
M0000654,HRS-RE-2609-05,ring_electrode_od_mm,2.498,2.55,2.45,2.5,,CASHEL-L4,1,2026-09-10T08:00:00
M0000655,HRS-RE-2609-05,ring_electrode_od_mm,2.5042,2.55,2.45,2.5,,CASHEL-L4,2,2026-09-10T08:03:00
M0000656,HRS-RE-2609-05,ring_electrode_od_mm,2.4938,2.55,2.45,2.5,,CASHEL-L4,3,2026-09-10T08:06:00
M0000657,HRS-RE-2609-05,ring_electrode_od_mm,2.4968,2.55,2.45,2.5,,CASHEL-L4,4,2026-09-10T08:09:00
M0000658,HRS-RE-2609-05,ring_electrode_od_mm,2.5027,2.55,2.45,2.5,,CASHEL-L4,5,2026-09-10T08:12:00
M0000659,HRS-RE-2609-05,ring_electrode_od_mm,2.5005,2.55,2.45,2.5,,CASHEL-L4,6,2026-09-10T08:15:00
M0000660,HRS-RE-2609-05,ring_electrode_od_mm,2.5021,2.55,2.45,2.5,,CASHEL-L4,7,2026-09-10T08:18:00
M0000661,HRS-RE-2609-05,ring_electrode_od_mm,2.4954,2.55,2.45,2.5,,CASHEL-L4,8,2026-09-10T08:21:00
M0000662,HRS-RE-2609-05,ring_electrode_od_mm,2.4905,2.55,2.45,2.5,,CASHEL-L4,1,2026-09-10T08:24:00
M0000663,HRS-RE-2609-05,ring_electrode_od_mm,2.4985,2.55,2.45,2.5,,CASHEL-L4,2,2026-09-10T08:27:00
M0000664,HRS-RE-2609-05,ring_electrode_od_mm,2.507,2.55,2.45,2.5,,CASHEL-L4,3,2026-09-10T08:30:00
M0000665,HRS-RE-2609-05,ring_electrode_od_mm,2.5061,2.55,2.45,2.5,,CASHEL-L4,4,2026-09-10T08:33:00
M0000666,HRS-RE-2609-05,ring_electrode_od_mm,2.5078,2.55,2.45,2.5,,CASHEL-L4,5,2026-09-10T08:36:00
M0000667,HRS-RE-2609-05,ring_electrode_od_mm,2.5018,2.55,2.45,2.5,,CASHEL-L4,6,2026-09-10T08:39:00
M0000668,HRS-RE-2609-05,ring_electrode_od_mm,2.4958,2.55,2.45,2.5,,CASHEL-L4,7,2026-09-10T08:42:00
M0000669,HRS-RE-2609-05,ring_electrode_od_mm,2.5046,2.55,2.45,2.5,,CASHEL-L4,8,2026-09-10T08:45:00
M0000670,HRS-RE-2609-05,ring_electrode_od_mm,2.5023,2.55,2.45,2.5,,CASHEL-L4,1,2026-09-10T08:48:00
M0000671,HRS-RE-2609-05,ring_electrode_od_mm,2.5057,2.55,2.45,2.5,,CASHEL-L4,2,2026-09-10T08:51:00
M0000672,HRS-RE-2609-05,ring_electrode_od_mm,2.4991,2.55,2.45,2.5,,CASHEL-L4,3,2026-09-10T08:54:00
M0000673,HRS-RE-2609-05,ring_electrode_od_mm,2.497,2.55,2.45,2.5,,CASHEL-L4,4,2026-09-10T08:57:00
M0000674,HRS-RE-2609-05,ring_electrode_od_mm,2.4958,2.55,2.45,2.5,,CASHEL-L4,5,2026-09-10T09:00:00
M0000675,HRS-RE-2609-05,ring_electrode_od_mm,2.5052,2.55,2.45,2.5,,CASHEL-L4,6,2026-09-10T09:03:00
M0000676,HRS-RE-2609-05,ring_electrode_od_mm,2.5049,2.55,2.45,2.5,,CASHEL-L4,7,2026-09-10T09:06:00
M0000677,HRS-RE-2609-05,ring_electrode_od_mm,2.5018,2.55,2.45,2.5,,CASHEL-L4,8,2026-09-10T09:09:00
M0000678,HRS-RE-2609-05,ring_electrode_od_mm,2.4936,2.55,2.45,2.5,,CASHEL-L4,1,2026-09-10T09:12:00
M0000679,HRS-RE-2609-05,ring_electrode_od_mm,2.4923,2.55,2.45,2.5,,CASHEL-L4,2,2026-09-10T09:15:00
M0000680,HRS-RE-2609-05,ring_electrode_od_mm,2.5012,2.55,2.45,2.5,,CASHEL-L4,3,2026-09-10T09:18:00
M0000681,HRS-RE-2609-05,ring_electrode_od_mm,2.5057,2.55,2.45,2.5,,CASHEL-L4,4,2026-09-10T09:21:00
M0000682,HRS-RE-2609-05,ring_electrode_od_mm,2.5047,2.55,2.45,2.5,,CASHEL-L4,5,2026-09-10T09:24:00
M0000683,HRS-RE-2609-05,ring_electrode_od_mm,2.4959,2.55,2.45,2.5,,CASHEL-L4,6,2026-09-10T09:27:00
M0000684,HRS-RE-2609-05,ring_electrode_od_mm,2.5032,2.55,2.45,2.5,,CASHEL-L4,7,2026-09-10T09:30:00
M0000685,HRS-RE-2609-05,ring_electrode_od_mm,2.4891,2.55,2.45,2.5,,CASHEL-L4,8,2026-09-10T09:33:00
M0000686,HRS-RE-2609-05,ring_electrode_od_mm,2.5015,2.55,2.45,2.5,,CASHEL-L4,1,2026-09-10T09:36:00
M0000687,HRS-RE-2609-05,ring_electrode_od_mm,2.5067,2.55,2.45,2.5,,CASHEL-L4,2,2026-09-10T09:39:00
M0000688,HRS-RE-2609-05,ring_electrode_od_mm,2.5055,2.55,2.45,2.5,,CASHEL-L4,3,2026-09-10T09:42:00
M0000689,HRS-RE-2609-05,ring_electrode_od_mm,2.5086,2.55,2.45,2.5,,CASHEL-L4,4,2026-09-10T09:45:00
M0000690,HRS-RE-2609-05,ring_electrode_od_mm,2.5052,2.55,2.45,2.5,,CASHEL-L4,5,2026-09-10T09:48:00
M0000691,HRS-RE-2609-05,ring_electrode_od_mm,2.4897,2.55,2.45,2.5,,CASHEL-L4,6,2026-09-10T09:51:00
M0000692,HRS-RE-2609-05,ring_electrode_od_mm,2.4941,2.55,2.45,2.5,,CASHEL-L4,7,2026-09-10T09:54:00
M0000693,HRS-RE-2609-05,ring_electrode_od_mm,2.5028,2.55,2.45,2.5,,CASHEL-L4,8,2026-09-10T09:57:00
M0000694,HRS-RE-2609-05,ring_electrode_od_mm,2.5072,2.55,2.45,2.5,,CASHEL-L4,1,2026-09-10T10:00:00
M0000695,HRS-RE-2609-05,ring_electrode_od_mm,2.5078,2.55,2.45,2.5,,CASHEL-L4,2,2026-09-10T10:03:00
M0000696,HRS-RE-2609-05,ring_electrode_od_mm,2.501,2.55,2.45,2.5,,CASHEL-L4,3,2026-09-10T10:06:00
M0000697,HRS-RE-2609-05,ring_electrode_od_mm,2.4935,2.55,2.45,2.5,,CASHEL-L4,4,2026-09-10T10:09:00
M0000698,HRS-RE-2609-05,ring_electrode_od_mm,2.5023,2.55,2.45,2.5,,CASHEL-L4,5,2026-09-10T10:12:00
M0000699,HRS-RE-2609-05,ring_electrode_od_mm,2.4927,2.55,2.45,2.5,,CASHEL-L4,6,2026-09-10T10:15:00
M0000700,HRS-RE-2609-05,ring_electrode_od_mm,2.5073,2.55,2.45,2.5,,CASHEL-L4,7,2026-09-10T10:18:00
M0000701,HRS-RE-2609-05,ring_electrode_od_mm,2.4897,2.55,2.45,2.5,,CASHEL-L4,8,2026-09-10T10:21:00
M0000702,HRS-RE-2609-05,ring_electrode_od_mm,2.5035,2.55,2.45,2.5,,CASHEL-L4,1,2026-09-10T10:24:00
M0000703,HRS-RE-2609-05,ring_electrode_od_mm,2.489,2.55,2.45,2.5,,CASHEL-L4,2,2026-09-10T10:27:00
M0000704,HRS-RE-2609-05,ring_electrode_od_mm,2.4904,2.55,2.45,2.5,,CASHEL-L4,3,2026-09-10T10:30:00
M0000705,HRS-RE-2609-05,ring_electrode_od_mm,2.4906,2.55,2.45,2.5,,CASHEL-L4,4,2026-09-10T10:33:00
M0000706,HRS-RE-2609-05,ring_electrode_od_mm,2.5034,2.55,2.45,2.5,,CASHEL-L4,5,2026-09-10T10:36:00
M0000707,HRS-RE-2609-05,ring_electrode_od_mm,2.5049,2.55,2.45,2.5,,CASHEL-L4,6,2026-09-10T10:39:00
M0000708,HRS-RE-2609-05,ring_electrode_od_mm,2.4963,2.55,2.45,2.5,,CASHEL-L4,7,2026-09-10T10:42:00
M0000709,HRS-RE-2609-05,ring_electrode_od_mm,2.4938,2.55,2.45,2.5,,CASHEL-L4,8,2026-09-10T10:45:00
M0000710,HRS-RE-2609-05,ring_electrode_od_mm,2.4909,2.55,2.45,2.5,,CASHEL-L4,1,2026-09-10T10:48:00
M0000711,HRS-RE-2609-05,ring_electrode_od_mm,2.4993,2.55,2.45,2.5,,CASHEL-L4,2,2026-09-10T10:51:00
M0000712,HRS-RE-2609-05,ring_electrode_od_mm,2.498,2.55,2.45,2.5,,CASHEL-L4,3,2026-09-10T10:54:00
M0000713,HRS-RE-2609-05,ring_electrode_od_mm,2.4921,2.55,2.45,2.5,,CASHEL-L4,4,2026-09-10T10:57:00
M0000714,HRS-RE-2609-05,ring_electrode_od_mm,2.4923,2.55,2.45,2.5,,CASHEL-L4,5,2026-09-10T11:00:00
M0000715,HRS-RE-2609-05,ring_electrode_od_mm,2.4927,2.55,2.45,2.5,,CASHEL-L4,6,2026-09-10T11:03:00
M0000716,HRS-RE-2609-05,ring_electrode_od_mm,2.4894,2.55,2.45,2.5,,CASHEL-L4,7,2026-09-10T11:06:00
M0000717,HRS-RE-2609-05,ring_electrode_od_mm,2.4968,2.55,2.45,2.5,,CASHEL-L4,8,2026-09-10T11:09:00
M0000718,HRS-RE-2609-05,ring_electrode_od_mm,2.4957,2.55,2.45,2.5,,CASHEL-L4,1,2026-09-10T11:12:00
M0000719,HRS-RE-2609-05,ring_electrode_od_mm,2.4952,2.55,2.45,2.5,,CASHEL-L4,2,2026-09-10T11:15:00
M0000720,HRS-RE-2609-05,ring_electrode_od_mm,2.5012,2.55,2.45,2.5,,CASHEL-L4,3,2026-09-10T11:18:00
M0000721,HRS-RE-2609-05,ring_electrode_od_mm,2.5073,2.55,2.45,2.5,,CASHEL-L4,4,2026-09-10T11:21:00
M0000722,HRS-RE-2609-05,ring_electrode_od_mm,2.4947,2.55,2.45,2.5,,CASHEL-L4,5,2026-09-10T11:24:00
M0000723,HRS-RE-2609-05,ring_electrode_od_mm,2.4998,2.55,2.45,2.5,,CASHEL-L4,6,2026-09-10T11:27:00
M0000724,HRS-RE-2609-05,ring_electrode_od_mm,2.5087,2.55,2.45,2.5,,CASHEL-L4,7,2026-09-10T11:30:00
M0000725,HRS-RE-2609-05,ring_electrode_od_mm,2.4899,2.55,2.45,2.5,,CASHEL-L4,8,2026-09-10T11:33:00
M0000726,HRS-RE-2609-05,ring_electrode_od_mm,2.4944,2.55,2.45,2.5,,CASHEL-L4,1,2026-09-10T11:36:00
M0000727,HRS-RE-2609-05,ring_electrode_od_mm,2.5003,2.55,2.45,2.5,,CASHEL-L4,2,2026-09-10T11:39:00
M0000728,HRS-RE-2609-05,ring_electrode_od_mm,2.4947,2.55,2.45,2.5,,CASHEL-L4,3,2026-09-10T11:42:00
M0000729,HRS-RE-2609-05,ring_electrode_od_mm,2.494,2.55,2.45,2.5,,CASHEL-L4,4,2026-09-10T11:45:00
M0000730,HRS-RE-2609-05,ring_electrode_od_mm,2.4921,2.55,2.45,2.5,,CASHEL-L4,5,2026-09-10T11:48:00
M0000731,HRS-RE-2609-05,ring_electrode_od_mm,2.5086,2.55,2.45,2.5,,CASHEL-L4,6,2026-09-10T11:51:00
M0000732,HRS-RE-2609-05,ring_electrode_od_mm,2.4913,2.55,2.45,2.5,,CASHEL-L4,7,2026-09-10T11:54:00
M0000733,HRS-RE-2609-05,ring_electrode_od_mm,2.5078,2.55,2.45,2.5,,CASHEL-L4,8,2026-09-10T11:57:00
M0000734,HRS-RE-2609-05,ring_electrode_od_mm,2.4969,2.55,2.45,2.5,,CASHEL-L4,1,2026-09-10T12:00:00
M0000735,HRS-RE-2609-05,ring_electrode_od_mm,2.4999,2.55,2.45,2.5,,CASHEL-L4,2,2026-09-10T12:03:00
M0000736,HRS-RE-2609-05,ring_electrode_od_mm,2.5059,2.55,2.45,2.5,,CASHEL-L4,3,2026-09-10T12:06:00
M0000737,HRS-RE-2609-05,ring_electrode_od_mm,2.4923,2.55,2.45,2.5,,CASHEL-L4,4,2026-09-10T12:09:00
M0000738,HRS-RE-2609-05,ring_electrode_od_mm,2.5025,2.55,2.45,2.5,,CASHEL-L4,5,2026-09-10T12:12:00
M0000739,HRS-RE-2609-05,ring_electrode_od_mm,2.4946,2.55,2.45,2.5,,CASHEL-L4,6,2026-09-10T12:15:00
M0000740,HRS-RE-2609-05,ring_electrode_od_mm,2.506,2.55,2.45,2.5,,CASHEL-L4,7,2026-09-10T12:18:00
M0000741,HRS-RE-2609-05,ring_electrode_od_mm,2.4981,2.55,2.45,2.5,,CASHEL-L4,8,2026-09-10T12:21:00
M0000742,HRS-RE-2609-05,ring_electrode_od_mm,2.4953,2.55,2.45,2.5,,CASHEL-L4,1,2026-09-10T12:24:00
M0000743,HRS-RE-2609-05,ring_electrode_od_mm,2.5029,2.55,2.45,2.5,,CASHEL-L4,2,2026-09-10T12:27:00
M0000744,HRS-RE-2609-05,ring_electrode_od_mm,2.4973,2.55,2.45,2.5,,CASHEL-L4,3,2026-09-10T12:30:00
M0000745,HRS-RE-2609-05,ring_electrode_od_mm,2.5021,2.55,2.45,2.5,,CASHEL-L4,4,2026-09-10T12:33:00
M0000746,HRS-RE-2609-05,ring_electrode_od_mm,2.5067,2.55,2.45,2.5,,CASHEL-L4,5,2026-09-10T12:36:00
M0000747,HRS-RE-2609-05,ring_electrode_od_mm,2.506,2.55,2.45,2.5,,CASHEL-L4,6,2026-09-10T12:39:00
M0000748,HRS-RE-2609-05,ring_electrode_od_mm,2.4922,2.55,2.45,2.5,,CASHEL-L4,7,2026-09-10T12:42:00
M0000749,HRS-RE-2609-05,ring_electrode_od_mm,2.4897,2.55,2.45,2.5,,CASHEL-L4,8,2026-09-10T12:45:00
M0000750,HRS-RE-2609-05,ring_electrode_od_mm,2.489,2.55,2.45,2.5,,CASHEL-L4,1,2026-09-10T12:48:00
M0000751,HRS-RE-2609-05,ring_electrode_od_mm,2.5014,2.55,2.45,2.5,,CASHEL-L4,2,2026-09-10T12:51:00
M0000752,HRS-RE-2609-05,ring_electrode_od_mm,2.4929,2.55,2.45,2.5,,CASHEL-L4,3,2026-09-10T12:54:00
M0000753,HRS-RE-2609-05,ring_electrode_od_mm,2.4968,2.55,2.45,2.5,,CASHEL-L4,4,2026-09-10T12:57:00
M0000754,HRS-RE-2609-05,ring_electrode_od_mm,2.492,2.55,2.45,2.5,,CASHEL-L4,5,2026-09-10T13:00:00
M0000755,HRS-RE-2609-05,ring_electrode_od_mm,2.4898,2.55,2.45,2.5,,CASHEL-L4,6,2026-09-10T13:03:00
M0000756,HRS-RE-2609-05,ring_electrode_od_mm,2.4938,2.55,2.45,2.5,,CASHEL-L4,7,2026-09-10T13:06:00
M0000757,HRS-RE-2609-05,ring_electrode_od_mm,2.5032,2.55,2.45,2.5,,CASHEL-L4,8,2026-09-10T13:09:00
M0000758,HRS-RE-2609-05,ring_electrode_od_mm,2.4916,2.55,2.45,2.5,,CASHEL-L4,1,2026-09-10T13:12:00
M0000759,HRS-RE-2609-05,ring_electrode_od_mm,2.5061,2.55,2.45,2.5,,CASHEL-L4,2,2026-09-10T13:15:00
M0000760,HRS-RE-2609-05,ring_electrode_od_mm,2.4946,2.55,2.45,2.5,,CASHEL-L4,3,2026-09-10T13:18:00
M0000761,HRS-RE-2609-05,ring_electrode_od_mm,2.5028,2.55,2.45,2.5,,CASHEL-L4,4,2026-09-10T13:21:00
M0000762,HRS-RE-2609-05,ring_electrode_od_mm,2.5087,2.55,2.45,2.5,,CASHEL-L4,5,2026-09-10T13:24:00
M0000763,HRS-RE-2609-05,ring_electrode_od_mm,2.4958,2.55,2.45,2.5,,CASHEL-L4,6,2026-09-10T13:27:00
M0000764,HRS-RE-2609-05,ring_electrode_od_mm,2.5089,2.55,2.45,2.5,,CASHEL-L4,7,2026-09-10T13:30:00
M0000765,HRS-RE-2609-05,ring_electrode_od_mm,2.5042,2.55,2.45,2.5,,CASHEL-L4,8,2026-09-10T13:33:00
M0000766,HRS-RE-2609-05,ring_electrode_od_mm,2.5064,2.55,2.45,2.5,,CASHEL-L4,1,2026-09-10T13:36:00
M0000767,HRS-RE-2609-05,ring_electrode_od_mm,2.4978,2.55,2.45,2.5,,CASHEL-L4,2,2026-09-10T13:39:00
M0000768,HRS-RE-2609-06,ring_electrode_od_mm,2.5031,2.55,2.45,2.5,,CASHEL-L4,1,2026-09-11T06:00:00
M0000769,HRS-RE-2609-06,ring_electrode_od_mm,2.4954,2.55,2.45,2.5,,CASHEL-L4,2,2026-09-11T06:03:00
M0000770,HRS-RE-2609-06,ring_electrode_od_mm,2.51,2.55,2.45,2.5,,CASHEL-L4,3,2026-09-11T06:06:00
M0000771,HRS-RE-2609-06,ring_electrode_od_mm,2.4961,2.55,2.45,2.5,,CASHEL-L4,4,2026-09-11T06:09:00
M0000772,HRS-RE-2609-06,ring_electrode_od_mm,2.496,2.55,2.45,2.5,,CASHEL-L4,5,2026-09-11T06:12:00
M0000773,HRS-RE-2609-06,ring_electrode_od_mm,2.507,2.55,2.45,2.5,,CASHEL-L4,6,2026-09-11T06:15:00
M0000774,HRS-RE-2609-06,ring_electrode_od_mm,2.5076,2.55,2.45,2.5,,CASHEL-L4,7,2026-09-11T06:18:00
M0000775,HRS-RE-2609-06,ring_electrode_od_mm,2.504,2.55,2.45,2.5,,CASHEL-L4,8,2026-09-11T06:21:00
M0000776,HRS-RE-2609-06,ring_electrode_od_mm,2.4999,2.55,2.45,2.5,,CASHEL-L4,1,2026-09-11T06:24:00
M0000777,HRS-RE-2609-06,ring_electrode_od_mm,2.5016,2.55,2.45,2.5,,CASHEL-L4,2,2026-09-11T06:27:00
M0000778,HRS-RE-2609-06,ring_electrode_od_mm,2.5116,2.55,2.45,2.5,,CASHEL-L4,3,2026-09-11T06:30:00
M0000779,HRS-RE-2609-06,ring_electrode_od_mm,2.5006,2.55,2.45,2.5,,CASHEL-L4,4,2026-09-11T06:33:00
M0000780,HRS-RE-2609-06,ring_electrode_od_mm,2.5084,2.55,2.45,2.5,,CASHEL-L4,5,2026-09-11T06:36:00
M0000781,HRS-RE-2609-06,ring_electrode_od_mm,2.4952,2.55,2.45,2.5,,CASHEL-L4,6,2026-09-11T06:39:00
M0000782,HRS-RE-2609-06,ring_electrode_od_mm,2.5114,2.55,2.45,2.5,,CASHEL-L4,7,2026-09-11T06:42:00
M0000783,HRS-RE-2609-06,ring_electrode_od_mm,2.4978,2.55,2.45,2.5,,CASHEL-L4,8,2026-09-11T06:45:00
M0000784,HRS-RE-2609-06,ring_electrode_od_mm,2.5098,2.55,2.45,2.5,,CASHEL-L4,1,2026-09-11T06:48:00
M0000785,HRS-RE-2609-06,ring_electrode_od_mm,2.5056,2.55,2.45,2.5,,CASHEL-L4,2,2026-09-11T06:51:00
M0000786,HRS-RE-2609-06,ring_electrode_od_mm,2.5127,2.55,2.45,2.5,,CASHEL-L4,3,2026-09-11T06:54:00
M0000787,HRS-RE-2609-06,ring_electrode_od_mm,2.4937,2.55,2.45,2.5,,CASHEL-L4,4,2026-09-11T06:57:00
M0000788,HRS-RE-2609-06,ring_electrode_od_mm,2.5062,2.55,2.45,2.5,,CASHEL-L4,5,2026-09-11T07:00:00
M0000789,HRS-RE-2609-06,ring_electrode_od_mm,2.5061,2.55,2.45,2.5,,CASHEL-L4,6,2026-09-11T07:03:00
M0000790,HRS-RE-2609-06,ring_electrode_od_mm,2.4983,2.55,2.45,2.5,,CASHEL-L4,7,2026-09-11T07:06:00
M0000791,HRS-RE-2609-06,ring_electrode_od_mm,2.4987,2.55,2.45,2.5,,CASHEL-L4,8,2026-09-11T07:09:00
M0000792,HRS-RE-2609-06,ring_electrode_od_mm,2.5037,2.55,2.45,2.5,,CASHEL-L4,1,2026-09-11T07:12:00
M0000793,HRS-RE-2609-06,ring_electrode_od_mm,2.5015,2.55,2.45,2.5,,CASHEL-L4,2,2026-09-11T07:15:00
M0000794,HRS-RE-2609-06,ring_electrode_od_mm,2.5115,2.55,2.45,2.5,,CASHEL-L4,3,2026-09-11T07:18:00
M0000795,HRS-RE-2609-06,ring_electrode_od_mm,2.4939,2.55,2.45,2.5,,CASHEL-L4,4,2026-09-11T07:21:00
M0000796,HRS-RE-2609-06,ring_electrode_od_mm,2.5019,2.55,2.45,2.5,,CASHEL-L4,5,2026-09-11T07:24:00
M0000797,HRS-RE-2609-06,ring_electrode_od_mm,2.4981,2.55,2.45,2.5,,CASHEL-L4,6,2026-09-11T07:27:00
M0000798,HRS-RE-2609-06,ring_electrode_od_mm,2.5037,2.55,2.45,2.5,,CASHEL-L4,7,2026-09-11T07:30:00
M0000799,HRS-RE-2609-06,ring_electrode_od_mm,2.5124,2.55,2.45,2.5,,CASHEL-L4,8,2026-09-11T07:33:00
M0000800,HRS-RE-2609-06,ring_electrode_od_mm,2.5046,2.55,2.45,2.5,,CASHEL-L4,1,2026-09-11T07:36:00
M0000801,HRS-RE-2609-06,ring_electrode_od_mm,2.4985,2.55,2.45,2.5,,CASHEL-L4,2,2026-09-11T07:39:00
M0000802,HRS-RE-2609-06,ring_electrode_od_mm,2.4981,2.55,2.45,2.5,,CASHEL-L4,3,2026-09-11T07:42:00
M0000803,HRS-RE-2609-06,ring_electrode_od_mm,2.5096,2.55,2.45,2.5,,CASHEL-L4,4,2026-09-11T07:45:00
M0000804,HRS-RE-2609-06,ring_electrode_od_mm,2.5123,2.55,2.45,2.5,,CASHEL-L4,5,2026-09-11T07:48:00
M0000805,HRS-RE-2609-06,ring_electrode_od_mm,2.5086,2.55,2.45,2.5,,CASHEL-L4,6,2026-09-11T07:51:00
M0000806,HRS-RE-2609-06,ring_electrode_od_mm,2.495,2.55,2.45,2.5,,CASHEL-L4,7,2026-09-11T07:54:00
M0000807,HRS-RE-2609-06,ring_electrode_od_mm,2.4993,2.55,2.45,2.5,,CASHEL-L4,8,2026-09-11T07:57:00
M0000808,HRS-RE-2609-06,ring_electrode_od_mm,2.4943,2.55,2.45,2.5,,CASHEL-L4,1,2026-09-11T08:00:00
M0000809,HRS-RE-2609-06,ring_electrode_od_mm,2.4928,2.55,2.45,2.5,,CASHEL-L4,2,2026-09-11T08:03:00
M0000810,HRS-RE-2609-06,ring_electrode_od_mm,2.5114,2.55,2.45,2.5,,CASHEL-L4,3,2026-09-11T08:06:00
M0000811,HRS-RE-2609-06,ring_electrode_od_mm,2.5061,2.55,2.45,2.5,,CASHEL-L4,4,2026-09-11T08:09:00
M0000812,HRS-RE-2609-06,ring_electrode_od_mm,2.51,2.55,2.45,2.5,,CASHEL-L4,5,2026-09-11T08:12:00
M0000813,HRS-RE-2609-06,ring_electrode_od_mm,2.4979,2.55,2.45,2.5,,CASHEL-L4,6,2026-09-11T08:15:00
M0000814,HRS-RE-2609-06,ring_electrode_od_mm,2.5061,2.55,2.45,2.5,,CASHEL-L4,7,2026-09-11T08:18:00
M0000815,HRS-RE-2609-06,ring_electrode_od_mm,2.4948,2.55,2.45,2.5,,CASHEL-L4,8,2026-09-11T08:21:00
M0000816,HRS-RE-2609-06,ring_electrode_od_mm,2.4999,2.55,2.45,2.5,,CASHEL-L4,1,2026-09-11T08:24:00
M0000817,HRS-RE-2609-06,ring_electrode_od_mm,2.5078,2.55,2.45,2.5,,CASHEL-L4,2,2026-09-11T08:27:00
M0000818,HRS-RE-2609-06,ring_electrode_od_mm,2.5121,2.55,2.45,2.5,,CASHEL-L4,3,2026-09-11T08:30:00
M0000819,HRS-RE-2609-06,ring_electrode_od_mm,2.4989,2.55,2.45,2.5,,CASHEL-L4,4,2026-09-11T08:33:00
M0000820,HRS-RE-2609-06,ring_electrode_od_mm,2.5081,2.55,2.45,2.5,,CASHEL-L4,5,2026-09-11T08:36:00
M0000821,HRS-RE-2609-06,ring_electrode_od_mm,2.5079,2.55,2.45,2.5,,CASHEL-L4,6,2026-09-11T08:39:00
M0000822,HRS-RE-2609-06,ring_electrode_od_mm,2.5,2.55,2.45,2.5,,CASHEL-L4,7,2026-09-11T08:42:00
M0000823,HRS-RE-2609-06,ring_electrode_od_mm,2.5008,2.55,2.45,2.5,,CASHEL-L4,8,2026-09-11T08:45:00
M0000824,HRS-RE-2609-06,ring_electrode_od_mm,2.4952,2.55,2.45,2.5,,CASHEL-L4,1,2026-09-11T08:48:00
M0000825,HRS-RE-2609-06,ring_electrode_od_mm,2.5052,2.55,2.45,2.5,,CASHEL-L4,2,2026-09-11T08:51:00
M0000826,HRS-RE-2609-06,ring_electrode_od_mm,2.498,2.55,2.45,2.5,,CASHEL-L4,3,2026-09-11T08:54:00
M0000827,HRS-RE-2609-06,ring_electrode_od_mm,2.4996,2.55,2.45,2.5,,CASHEL-L4,4,2026-09-11T08:57:00
M0000828,HRS-RE-2609-06,ring_electrode_od_mm,2.4962,2.55,2.45,2.5,,CASHEL-L4,5,2026-09-11T09:00:00
M0000829,HRS-RE-2609-06,ring_electrode_od_mm,2.4998,2.55,2.45,2.5,,CASHEL-L4,6,2026-09-11T09:03:00
M0000830,HRS-RE-2609-06,ring_electrode_od_mm,2.5066,2.55,2.45,2.5,,CASHEL-L4,7,2026-09-11T09:06:00
M0000831,HRS-RE-2609-06,ring_electrode_od_mm,2.5108,2.55,2.45,2.5,,CASHEL-L4,8,2026-09-11T09:09:00
M0000832,HRS-RE-2609-06,ring_electrode_od_mm,2.509,2.55,2.45,2.5,,CASHEL-L4,1,2026-09-11T09:12:00
M0000833,HRS-RE-2609-06,ring_electrode_od_mm,2.4969,2.55,2.45,2.5,,CASHEL-L4,2,2026-09-11T09:15:00
M0000834,HRS-RE-2609-06,ring_electrode_od_mm,2.5083,2.55,2.45,2.5,,CASHEL-L4,3,2026-09-11T09:18:00
M0000835,HRS-RE-2609-06,ring_electrode_od_mm,2.5052,2.55,2.45,2.5,,CASHEL-L4,4,2026-09-11T09:21:00
M0000836,HRS-RE-2609-06,ring_electrode_od_mm,2.4941,2.55,2.45,2.5,,CASHEL-L4,5,2026-09-11T09:24:00
M0000837,HRS-RE-2609-06,ring_electrode_od_mm,2.502,2.55,2.45,2.5,,CASHEL-L4,6,2026-09-11T09:27:00
M0000838,HRS-RE-2609-06,ring_electrode_od_mm,2.5115,2.55,2.45,2.5,,CASHEL-L4,7,2026-09-11T09:30:00
M0000839,HRS-RE-2609-06,ring_electrode_od_mm,2.4995,2.55,2.45,2.5,,CASHEL-L4,8,2026-09-11T09:33:00
M0000840,HRS-RE-2609-06,ring_electrode_od_mm,2.4984,2.55,2.45,2.5,,CASHEL-L4,1,2026-09-11T09:36:00
M0000841,HRS-RE-2609-06,ring_electrode_od_mm,2.5069,2.55,2.45,2.5,,CASHEL-L4,2,2026-09-11T09:39:00
M0000842,HRS-RE-2609-06,ring_electrode_od_mm,2.5003,2.55,2.45,2.5,,CASHEL-L4,3,2026-09-11T09:42:00
M0000843,HRS-RE-2609-06,ring_electrode_od_mm,2.5025,2.55,2.45,2.5,,CASHEL-L4,4,2026-09-11T09:45:00
M0000844,HRS-RE-2609-06,ring_electrode_od_mm,2.5023,2.55,2.45,2.5,,CASHEL-L4,5,2026-09-11T09:48:00
M0000845,HRS-RE-2609-06,ring_electrode_od_mm,2.5029,2.55,2.45,2.5,,CASHEL-L4,6,2026-09-11T09:51:00
M0000846,HRS-RE-2609-06,ring_electrode_od_mm,2.4992,2.55,2.45,2.5,,CASHEL-L4,7,2026-09-11T09:54:00
M0000847,HRS-RE-2609-06,ring_electrode_od_mm,2.4999,2.55,2.45,2.5,,CASHEL-L4,8,2026-09-11T09:57:00
M0000848,HRS-RE-2609-06,ring_electrode_od_mm,2.5124,2.55,2.45,2.5,,CASHEL-L4,1,2026-09-11T10:00:00
M0000849,HRS-RE-2609-06,ring_electrode_od_mm,2.5019,2.55,2.45,2.5,,CASHEL-L4,2,2026-09-11T10:03:00
M0000850,HRS-RE-2609-06,ring_electrode_od_mm,2.5123,2.55,2.45,2.5,,CASHEL-L4,3,2026-09-11T10:06:00
M0000851,HRS-RE-2609-06,ring_electrode_od_mm,2.4943,2.55,2.45,2.5,,CASHEL-L4,4,2026-09-11T10:09:00
M0000852,HRS-RE-2609-06,ring_electrode_od_mm,2.5065,2.55,2.45,2.5,,CASHEL-L4,5,2026-09-11T10:12:00
M0000853,HRS-RE-2609-06,ring_electrode_od_mm,2.4958,2.55,2.45,2.5,,CASHEL-L4,6,2026-09-11T10:15:00
M0000854,HRS-RE-2609-06,ring_electrode_od_mm,2.5112,2.55,2.45,2.5,,CASHEL-L4,7,2026-09-11T10:18:00
M0000855,HRS-RE-2609-06,ring_electrode_od_mm,2.5091,2.55,2.45,2.5,,CASHEL-L4,8,2026-09-11T10:21:00
M0000856,HRS-RE-2609-06,ring_electrode_od_mm,2.4929,2.55,2.45,2.5,,CASHEL-L4,1,2026-09-11T10:24:00
M0000857,HRS-RE-2609-06,ring_electrode_od_mm,2.4974,2.55,2.45,2.5,,CASHEL-L4,2,2026-09-11T10:27:00
M0000858,HRS-RE-2609-06,ring_electrode_od_mm,2.505,2.55,2.45,2.5,,CASHEL-L4,3,2026-09-11T10:30:00
M0000859,HRS-RE-2609-06,ring_electrode_od_mm,2.4961,2.55,2.45,2.5,,CASHEL-L4,4,2026-09-11T10:33:00
M0000860,HRS-RE-2609-06,ring_electrode_od_mm,2.4945,2.55,2.45,2.5,,CASHEL-L4,5,2026-09-11T10:36:00
M0000861,HRS-RE-2609-06,ring_electrode_od_mm,2.5116,2.55,2.45,2.5,,CASHEL-L4,6,2026-09-11T10:39:00
M0000862,HRS-RE-2609-06,ring_electrode_od_mm,2.5119,2.55,2.45,2.5,,CASHEL-L4,7,2026-09-11T10:42:00
M0000863,HRS-RE-2609-06,ring_electrode_od_mm,2.4975,2.55,2.45,2.5,,CASHEL-L4,8,2026-09-11T10:45:00
M0000864,HRS-RE-2609-06,ring_electrode_od_mm,2.509,2.55,2.45,2.5,,CASHEL-L4,1,2026-09-11T10:48:00
M0000865,HRS-RE-2609-06,ring_electrode_od_mm,2.5123,2.55,2.45,2.5,,CASHEL-L4,2,2026-09-11T10:51:00
M0000866,HRS-RE-2609-06,ring_electrode_od_mm,2.5027,2.55,2.45,2.5,,CASHEL-L4,3,2026-09-11T10:54:00
M0000867,HRS-RE-2609-06,ring_electrode_od_mm,2.4952,2.55,2.45,2.5,,CASHEL-L4,4,2026-09-11T10:57:00
M0000868,HRS-RE-2609-06,ring_electrode_od_mm,2.4953,2.55,2.45,2.5,,CASHEL-L4,5,2026-09-11T11:00:00
M0000869,HRS-RE-2609-06,ring_electrode_od_mm,2.5081,2.55,2.45,2.5,,CASHEL-L4,6,2026-09-11T11:03:00
M0000870,HRS-RE-2609-06,ring_electrode_od_mm,2.5026,2.55,2.45,2.5,,CASHEL-L4,7,2026-09-11T11:06:00
M0000871,HRS-RE-2609-06,ring_electrode_od_mm,2.5066,2.55,2.45,2.5,,CASHEL-L4,8,2026-09-11T11:09:00
M0000872,HRS-RE-2609-06,ring_electrode_od_mm,2.5054,2.55,2.45,2.5,,CASHEL-L4,1,2026-09-11T11:12:00
M0000873,HRS-RE-2609-06,ring_electrode_od_mm,2.5026,2.55,2.45,2.5,,CASHEL-L4,2,2026-09-11T11:15:00
M0000874,HRS-RE-2609-06,ring_electrode_od_mm,2.4993,2.55,2.45,2.5,,CASHEL-L4,3,2026-09-11T11:18:00
M0000875,HRS-RE-2609-06,ring_electrode_od_mm,2.5047,2.55,2.45,2.5,,CASHEL-L4,4,2026-09-11T11:21:00
M0000876,HRS-RE-2609-06,ring_electrode_od_mm,2.5015,2.55,2.45,2.5,,CASHEL-L4,5,2026-09-11T11:24:00
M0000877,HRS-RE-2609-06,ring_electrode_od_mm,2.5057,2.55,2.45,2.5,,CASHEL-L4,6,2026-09-11T11:27:00
M0000878,HRS-RE-2609-06,ring_electrode_od_mm,2.4983,2.55,2.45,2.5,,CASHEL-L4,7,2026-09-11T11:30:00
M0000879,HRS-RE-2609-06,ring_electrode_od_mm,2.4938,2.55,2.45,2.5,,CASHEL-L4,8,2026-09-11T11:33:00
M0000880,HRS-RE-2609-06,ring_electrode_od_mm,2.4955,2.55,2.45,2.5,,CASHEL-L4,1,2026-09-11T11:36:00
M0000881,HRS-RE-2609-06,ring_electrode_od_mm,2.5118,2.55,2.45,2.5,,CASHEL-L4,2,2026-09-11T11:39:00
M0000882,HRS-RE-2609-06,ring_electrode_od_mm,2.5016,2.55,2.45,2.5,,CASHEL-L4,3,2026-09-11T11:42:00
M0000883,HRS-RE-2609-06,ring_electrode_od_mm,2.51,2.55,2.45,2.5,,CASHEL-L4,4,2026-09-11T11:45:00
M0000884,HRS-RE-2609-06,ring_electrode_od_mm,2.5034,2.55,2.45,2.5,,CASHEL-L4,5,2026-09-11T11:48:00
M0000885,HRS-RE-2609-06,ring_electrode_od_mm,2.4946,2.55,2.45,2.5,,CASHEL-L4,6,2026-09-11T11:51:00
M0000886,HRS-RE-2609-06,ring_electrode_od_mm,2.4997,2.55,2.45,2.5,,CASHEL-L4,7,2026-09-11T11:54:00
M0000887,HRS-RE-2609-06,ring_electrode_od_mm,2.4995,2.55,2.45,2.5,,CASHEL-L4,8,2026-09-11T11:57:00
M0000888,HRS-RE-2609-06,ring_electrode_od_mm,2.5037,2.55,2.45,2.5,,CASHEL-L4,1,2026-09-11T12:00:00
M0000889,HRS-RE-2609-06,ring_electrode_od_mm,2.5033,2.55,2.45,2.5,,CASHEL-L4,2,2026-09-11T12:03:00
M0000890,HRS-RE-2609-06,ring_electrode_od_mm,2.4944,2.55,2.45,2.5,,CASHEL-L4,3,2026-09-11T12:06:00
M0000891,HRS-RE-2609-06,ring_electrode_od_mm,2.5109,2.55,2.45,2.5,,CASHEL-L4,4,2026-09-11T12:09:00
M0000892,HRS-RE-2609-06,ring_electrode_od_mm,2.5007,2.55,2.45,2.5,,CASHEL-L4,5,2026-09-11T12:12:00
M0000893,HRS-RE-2609-06,ring_electrode_od_mm,2.4929,2.55,2.45,2.5,,CASHEL-L4,6,2026-09-11T12:15:00
M0000894,HRS-RE-2609-06,ring_electrode_od_mm,2.5019,2.55,2.45,2.5,,CASHEL-L4,7,2026-09-11T12:18:00
M0000895,HRS-RE-2609-06,ring_electrode_od_mm,2.5019,2.55,2.45,2.5,,CASHEL-L4,8,2026-09-11T12:21:00
M0000896,HRS-RE-2609-06,ring_electrode_od_mm,2.4938,2.55,2.45,2.5,,CASHEL-L4,1,2026-09-11T12:24:00
M0000897,HRS-RE-2609-06,ring_electrode_od_mm,2.503,2.55,2.45,2.5,,CASHEL-L4,2,2026-09-11T12:27:00
M0000898,HRS-RE-2609-06,ring_electrode_od_mm,2.5036,2.55,2.45,2.5,,CASHEL-L4,3,2026-09-11T12:30:00
M0000899,HRS-RE-2609-06,ring_electrode_od_mm,2.5047,2.55,2.45,2.5,,CASHEL-L4,4,2026-09-11T12:33:00
M0000900,HRS-RE-2609-06,ring_electrode_od_mm,2.4929,2.55,2.45,2.5,,CASHEL-L4,5,2026-09-11T12:36:00
M0000901,HRS-RE-2609-06,ring_electrode_od_mm,2.5094,2.55,2.45,2.5,,CASHEL-L4,6,2026-09-11T12:39:00
M0000902,HRS-RE-2609-06,ring_electrode_od_mm,2.4983,2.55,2.45,2.5,,CASHEL-L4,7,2026-09-11T12:42:00
M0000903,HRS-RE-2609-06,ring_electrode_od_mm,2.512,2.55,2.45,2.5,,CASHEL-L4,8,2026-09-11T12:45:00
M0000904,HRS-RE-2609-06,ring_electrode_od_mm,2.4994,2.55,2.45,2.5,,CASHEL-L4,1,2026-09-11T12:48:00
M0000905,HRS-RE-2609-06,ring_electrode_od_mm,2.503,2.55,2.45,2.5,,CASHEL-L4,2,2026-09-11T12:51:00
M0000906,HRS-RE-2609-06,ring_electrode_od_mm,2.4937,2.55,2.45,2.5,,CASHEL-L4,3,2026-09-11T12:54:00
M0000907,HRS-RE-2609-06,ring_electrode_od_mm,2.5128,2.55,2.45,2.5,,CASHEL-L4,4,2026-09-11T12:57:00
M0000908,HRS-RE-2609-06,ring_electrode_od_mm,2.5124,2.55,2.45,2.5,,CASHEL-L4,5,2026-09-11T13:00:00
M0000909,HRS-RE-2609-06,ring_electrode_od_mm,2.4938,2.55,2.45,2.5,,CASHEL-L4,6,2026-09-11T13:03:00
M0000910,HRS-RE-2609-06,ring_electrode_od_mm,2.4993,2.55,2.45,2.5,,CASHEL-L4,7,2026-09-11T13:06:00
M0000911,HRS-RE-2609-06,ring_electrode_od_mm,2.51,2.55,2.45,2.5,,CASHEL-L4,8,2026-09-11T13:09:00
M0000912,HRS-RE-2609-06,ring_electrode_od_mm,2.498,2.55,2.45,2.5,,CASHEL-L4,1,2026-09-11T13:12:00
M0000913,HRS-RE-2609-06,ring_electrode_od_mm,2.5077,2.55,2.45,2.5,,CASHEL-L4,2,2026-09-11T13:15:00
M0000914,HRS-RE-2609-06,ring_electrode_od_mm,2.5039,2.55,2.45,2.5,,CASHEL-L4,3,2026-09-11T13:18:00
M0000915,HRS-RE-2609-06,ring_electrode_od_mm,2.4977,2.55,2.45,2.5,,CASHEL-L4,4,2026-09-11T13:21:00
M0000916,HRS-RE-2609-06,ring_electrode_od_mm,2.4975,2.55,2.45,2.5,,CASHEL-L4,5,2026-09-11T13:24:00
M0000917,HRS-RE-2609-07,ring_electrode_od_mm,2.4965,2.55,2.45,2.5,,CASHEL-L4,1,2026-09-12T06:00:00
M0000918,HRS-RE-2609-07,ring_electrode_od_mm,2.5084,2.55,2.45,2.5,,CASHEL-L4,2,2026-09-12T06:03:00
M0000919,HRS-RE-2609-07,ring_electrode_od_mm,2.4973,2.55,2.45,2.5,,CASHEL-L4,3,2026-09-12T06:06:00
M0000920,HRS-RE-2609-07,ring_electrode_od_mm,2.4949,2.55,2.45,2.5,,CASHEL-L4,4,2026-09-12T06:09:00
M0000921,HRS-RE-2609-07,ring_electrode_od_mm,2.5001,2.55,2.45,2.5,,CASHEL-L4,5,2026-09-12T06:12:00
M0000922,HRS-RE-2609-07,ring_electrode_od_mm,2.4934,2.55,2.45,2.5,,CASHEL-L4,6,2026-09-12T06:15:00
M0000923,HRS-RE-2609-07,ring_electrode_od_mm,2.4905,2.55,2.45,2.5,,CASHEL-L4,7,2026-09-12T06:18:00
M0000924,HRS-RE-2609-07,ring_electrode_od_mm,2.504,2.55,2.45,2.5,,CASHEL-L4,8,2026-09-12T06:21:00
M0000925,HRS-RE-2609-07,ring_electrode_od_mm,2.4899,2.55,2.45,2.5,,CASHEL-L4,1,2026-09-12T06:24:00
M0000926,HRS-RE-2609-07,ring_electrode_od_mm,2.4953,2.55,2.45,2.5,,CASHEL-L4,2,2026-09-12T06:27:00
M0000927,HRS-RE-2609-07,ring_electrode_od_mm,2.505,2.55,2.45,2.5,,CASHEL-L4,3,2026-09-12T06:30:00
M0000928,HRS-RE-2609-07,ring_electrode_od_mm,2.5063,2.55,2.45,2.5,,CASHEL-L4,4,2026-09-12T06:33:00
M0000929,HRS-RE-2609-07,ring_electrode_od_mm,2.4904,2.55,2.45,2.5,,CASHEL-L4,5,2026-09-12T06:36:00
M0000930,HRS-RE-2609-07,ring_electrode_od_mm,2.4911,2.55,2.45,2.5,,CASHEL-L4,6,2026-09-12T06:39:00
M0000931,HRS-RE-2609-07,ring_electrode_od_mm,2.5029,2.55,2.45,2.5,,CASHEL-L4,7,2026-09-12T06:42:00
M0000932,HRS-RE-2609-07,ring_electrode_od_mm,2.4917,2.55,2.45,2.5,,CASHEL-L4,8,2026-09-12T06:45:00
M0000933,HRS-RE-2609-07,ring_electrode_od_mm,2.4925,2.55,2.45,2.5,,CASHEL-L4,1,2026-09-12T06:48:00
M0000934,HRS-RE-2609-07,ring_electrode_od_mm,2.494,2.55,2.45,2.5,,CASHEL-L4,2,2026-09-12T06:51:00
M0000935,HRS-RE-2609-07,ring_electrode_od_mm,2.4908,2.55,2.45,2.5,,CASHEL-L4,3,2026-09-12T06:54:00
M0000936,HRS-RE-2609-07,ring_electrode_od_mm,2.4992,2.55,2.45,2.5,,CASHEL-L4,4,2026-09-12T06:57:00
M0000937,HRS-RE-2609-07,ring_electrode_od_mm,2.4962,2.55,2.45,2.5,,CASHEL-L4,5,2026-09-12T07:00:00
M0000938,HRS-RE-2609-07,ring_electrode_od_mm,2.4975,2.55,2.45,2.5,,CASHEL-L4,6,2026-09-12T07:03:00
M0000939,HRS-RE-2609-07,ring_electrode_od_mm,2.5041,2.55,2.45,2.5,,CASHEL-L4,7,2026-09-12T07:06:00
M0000940,HRS-RE-2609-07,ring_electrode_od_mm,2.5084,2.55,2.45,2.5,,CASHEL-L4,8,2026-09-12T07:09:00
M0000941,HRS-RE-2609-07,ring_electrode_od_mm,2.5006,2.55,2.45,2.5,,CASHEL-L4,1,2026-09-12T07:12:00
M0000942,HRS-RE-2609-07,ring_electrode_od_mm,2.5084,2.55,2.45,2.5,,CASHEL-L4,2,2026-09-12T07:15:00
M0000943,HRS-RE-2609-07,ring_electrode_od_mm,2.4941,2.55,2.45,2.5,,CASHEL-L4,3,2026-09-12T07:18:00
M0000944,HRS-RE-2609-07,ring_electrode_od_mm,2.4929,2.55,2.45,2.5,,CASHEL-L4,4,2026-09-12T07:21:00
M0000945,HRS-RE-2609-07,ring_electrode_od_mm,2.4965,2.55,2.45,2.5,,CASHEL-L4,5,2026-09-12T07:24:00
M0000946,HRS-RE-2609-07,ring_electrode_od_mm,2.503,2.55,2.45,2.5,,CASHEL-L4,6,2026-09-12T07:27:00
M0000947,HRS-RE-2609-07,ring_electrode_od_mm,2.4896,2.55,2.45,2.5,,CASHEL-L4,7,2026-09-12T07:30:00
M0000948,HRS-RE-2609-07,ring_electrode_od_mm,2.5083,2.55,2.45,2.5,,CASHEL-L4,8,2026-09-12T07:33:00
M0000949,HRS-RE-2609-07,ring_electrode_od_mm,2.4995,2.55,2.45,2.5,,CASHEL-L4,1,2026-09-12T07:36:00
M0000950,HRS-RE-2609-07,ring_electrode_od_mm,2.4939,2.55,2.45,2.5,,CASHEL-L4,2,2026-09-12T07:39:00
M0000951,HRS-RE-2609-07,ring_electrode_od_mm,2.4945,2.55,2.45,2.5,,CASHEL-L4,3,2026-09-12T07:42:00
M0000952,HRS-RE-2609-07,ring_electrode_od_mm,2.4901,2.55,2.45,2.5,,CASHEL-L4,4,2026-09-12T07:45:00
M0000953,HRS-RE-2609-07,ring_electrode_od_mm,2.5003,2.55,2.45,2.5,,CASHEL-L4,5,2026-09-12T07:48:00
M0000954,HRS-RE-2609-07,ring_electrode_od_mm,2.4989,2.55,2.45,2.5,,CASHEL-L4,6,2026-09-12T07:51:00
M0000955,HRS-RE-2609-07,ring_electrode_od_mm,2.4892,2.55,2.45,2.5,,CASHEL-L4,7,2026-09-12T07:54:00
M0000956,HRS-RE-2609-07,ring_electrode_od_mm,2.4953,2.55,2.45,2.5,,CASHEL-L4,8,2026-09-12T07:57:00
M0000957,HRS-RE-2609-07,ring_electrode_od_mm,2.5088,2.55,2.45,2.5,,CASHEL-L4,1,2026-09-12T08:00:00
M0000958,HRS-RE-2609-07,ring_electrode_od_mm,2.4919,2.55,2.45,2.5,,CASHEL-L4,2,2026-09-12T08:03:00
M0000959,HRS-RE-2609-07,ring_electrode_od_mm,2.5088,2.55,2.45,2.5,,CASHEL-L4,3,2026-09-12T08:06:00
M0000960,HRS-RE-2609-07,ring_electrode_od_mm,2.5035,2.55,2.45,2.5,,CASHEL-L4,4,2026-09-12T08:09:00
M0000961,HRS-RE-2609-07,ring_electrode_od_mm,2.5022,2.55,2.45,2.5,,CASHEL-L4,5,2026-09-12T08:12:00
M0000962,HRS-RE-2609-07,ring_electrode_od_mm,2.4996,2.55,2.45,2.5,,CASHEL-L4,6,2026-09-12T08:15:00
M0000963,HRS-RE-2609-07,ring_electrode_od_mm,2.491,2.55,2.45,2.5,,CASHEL-L4,7,2026-09-12T08:18:00
M0000964,HRS-RE-2609-07,ring_electrode_od_mm,2.5001,2.55,2.45,2.5,,CASHEL-L4,8,2026-09-12T08:21:00
M0000965,HRS-RE-2609-07,ring_electrode_od_mm,2.4927,2.55,2.45,2.5,,CASHEL-L4,1,2026-09-12T08:24:00
M0000966,HRS-RE-2609-07,ring_electrode_od_mm,2.5047,2.55,2.45,2.5,,CASHEL-L4,2,2026-09-12T08:27:00
M0000967,HRS-RE-2609-07,ring_electrode_od_mm,2.4914,2.55,2.45,2.5,,CASHEL-L4,3,2026-09-12T08:30:00
M0000968,HRS-RE-2609-07,ring_electrode_od_mm,2.5003,2.55,2.45,2.5,,CASHEL-L4,4,2026-09-12T08:33:00
M0000969,HRS-RE-2609-07,ring_electrode_od_mm,2.4913,2.55,2.45,2.5,,CASHEL-L4,5,2026-09-12T08:36:00
M0000970,HRS-RE-2609-07,ring_electrode_od_mm,2.4928,2.55,2.45,2.5,,CASHEL-L4,6,2026-09-12T08:39:00
M0000971,HRS-RE-2609-07,ring_electrode_od_mm,2.49,2.55,2.45,2.5,,CASHEL-L4,7,2026-09-12T08:42:00
M0000972,HRS-RE-2609-07,ring_electrode_od_mm,2.5017,2.55,2.45,2.5,,CASHEL-L4,8,2026-09-12T08:45:00
M0000973,HRS-RE-2609-07,ring_electrode_od_mm,2.4895,2.55,2.45,2.5,,CASHEL-L4,1,2026-09-12T08:48:00
M0000974,HRS-RE-2609-07,ring_electrode_od_mm,2.4913,2.55,2.45,2.5,,CASHEL-L4,2,2026-09-12T08:51:00
M0000975,HRS-RE-2609-07,ring_electrode_od_mm,2.5022,2.55,2.45,2.5,,CASHEL-L4,3,2026-09-12T08:54:00
M0000976,HRS-RE-2609-07,ring_electrode_od_mm,2.4904,2.55,2.45,2.5,,CASHEL-L4,4,2026-09-12T08:57:00
M0000977,HRS-RE-2609-07,ring_electrode_od_mm,2.4959,2.55,2.45,2.5,,CASHEL-L4,5,2026-09-12T09:00:00
M0000978,HRS-RE-2609-07,ring_electrode_od_mm,2.5061,2.55,2.45,2.5,,CASHEL-L4,6,2026-09-12T09:03:00
M0000979,HRS-RE-2609-07,ring_electrode_od_mm,2.493,2.55,2.45,2.5,,CASHEL-L4,7,2026-09-12T09:06:00
M0000980,HRS-RE-2609-07,ring_electrode_od_mm,2.4911,2.55,2.45,2.5,,CASHEL-L4,8,2026-09-12T09:09:00
M0000981,HRS-RE-2609-07,ring_electrode_od_mm,2.5082,2.55,2.45,2.5,,CASHEL-L4,1,2026-09-12T09:12:00
M0000982,HRS-RE-2609-07,ring_electrode_od_mm,2.4976,2.55,2.45,2.5,,CASHEL-L4,2,2026-09-12T09:15:00
M0000983,HRS-RE-2609-07,ring_electrode_od_mm,2.5046,2.55,2.45,2.5,,CASHEL-L4,3,2026-09-12T09:18:00
M0000984,HRS-RE-2609-07,ring_electrode_od_mm,2.5002,2.55,2.45,2.5,,CASHEL-L4,4,2026-09-12T09:21:00
M0000985,HRS-RE-2609-07,ring_electrode_od_mm,2.4987,2.55,2.45,2.5,,CASHEL-L4,5,2026-09-12T09:24:00
M0000986,HRS-RE-2609-07,ring_electrode_od_mm,2.4899,2.55,2.45,2.5,,CASHEL-L4,6,2026-09-12T09:27:00
M0000987,HRS-RE-2609-07,ring_electrode_od_mm,2.4962,2.55,2.45,2.5,,CASHEL-L4,7,2026-09-12T09:30:00
M0000988,HRS-RE-2609-07,ring_electrode_od_mm,2.5061,2.55,2.45,2.5,,CASHEL-L4,8,2026-09-12T09:33:00
M0000989,HRS-RE-2609-07,ring_electrode_od_mm,2.4963,2.55,2.45,2.5,,CASHEL-L4,1,2026-09-12T09:36:00
M0000990,HRS-RE-2609-07,ring_electrode_od_mm,2.5082,2.55,2.45,2.5,,CASHEL-L4,2,2026-09-12T09:39:00
M0000991,HRS-RE-2609-07,ring_electrode_od_mm,2.4902,2.55,2.45,2.5,,CASHEL-L4,3,2026-09-12T09:42:00
M0000992,HRS-RE-2609-07,ring_electrode_od_mm,2.5048,2.55,2.45,2.5,,CASHEL-L4,4,2026-09-12T09:45:00
M0000993,HRS-RE-2609-07,ring_electrode_od_mm,2.496,2.55,2.45,2.5,,CASHEL-L4,5,2026-09-12T09:48:00
M0000994,HRS-RE-2609-07,ring_electrode_od_mm,2.4965,2.55,2.45,2.5,,CASHEL-L4,6,2026-09-12T09:51:00
M0000995,HRS-RE-2609-07,ring_electrode_od_mm,2.5016,2.55,2.45,2.5,,CASHEL-L4,7,2026-09-12T09:54:00
M0000996,HRS-RE-2609-07,ring_electrode_od_mm,2.5037,2.55,2.45,2.5,,CASHEL-L4,8,2026-09-12T09:57:00
M0000997,HRS-RE-2609-07,ring_electrode_od_mm,2.4924,2.55,2.45,2.5,,CASHEL-L4,1,2026-09-12T10:00:00
M0000998,HRS-RE-2609-07,ring_electrode_od_mm,2.5027,2.55,2.45,2.5,,CASHEL-L4,2,2026-09-12T10:03:00
M0000999,HRS-RE-2609-07,ring_electrode_od_mm,2.4982,2.55,2.45,2.5,,CASHEL-L4,3,2026-09-12T10:06:00
M0001000,HRS-RE-2609-07,ring_electrode_od_mm,2.5077,2.55,2.45,2.5,,CASHEL-L4,4,2026-09-12T10:09:00
M0001001,HRS-RE-2609-07,ring_electrode_od_mm,2.4987,2.55,2.45,2.5,,CASHEL-L4,5,2026-09-12T10:12:00
M0001002,HRS-RE-2609-07,ring_electrode_od_mm,2.5074,2.55,2.45,2.5,,CASHEL-L4,6,2026-09-12T10:15:00
M0001003,HRS-RE-2609-07,ring_electrode_od_mm,2.507,2.55,2.45,2.5,,CASHEL-L4,7,2026-09-12T10:18:00
M0001004,HRS-RE-2609-07,ring_electrode_od_mm,2.4943,2.55,2.45,2.5,,CASHEL-L4,8,2026-09-12T10:21:00
M0001005,HRS-RE-2609-07,ring_electrode_od_mm,2.496,2.55,2.45,2.5,,CASHEL-L4,1,2026-09-12T10:24:00
M0001006,HRS-RE-2609-07,ring_electrode_od_mm,2.501,2.55,2.45,2.5,,CASHEL-L4,2,2026-09-12T10:27:00
M0001007,HRS-RE-2609-07,ring_electrode_od_mm,2.4909,2.55,2.45,2.5,,CASHEL-L4,3,2026-09-12T10:30:00
M0001008,HRS-RE-2609-07,ring_electrode_od_mm,2.4913,2.55,2.45,2.5,,CASHEL-L4,4,2026-09-12T10:33:00
M0001009,HRS-RE-2609-07,ring_electrode_od_mm,2.5057,2.55,2.45,2.5,,CASHEL-L4,5,2026-09-12T10:36:00
M0001010,HRS-RE-2609-07,ring_electrode_od_mm,2.5088,2.55,2.45,2.5,,CASHEL-L4,6,2026-09-12T10:39:00
M0001011,HRS-RE-2609-07,ring_electrode_od_mm,2.5012,2.55,2.45,2.5,,CASHEL-L4,7,2026-09-12T10:42:00
M0001012,HRS-RE-2609-07,ring_electrode_od_mm,2.5032,2.55,2.45,2.5,,CASHEL-L4,8,2026-09-12T10:45:00
M0001013,HRS-RE-2609-07,ring_electrode_od_mm,2.5002,2.55,2.45,2.5,,CASHEL-L4,1,2026-09-12T10:48:00
M0001014,HRS-RE-2609-07,ring_electrode_od_mm,2.494,2.55,2.45,2.5,,CASHEL-L4,2,2026-09-12T10:51:00
M0001015,HRS-RE-2609-07,ring_electrode_od_mm,2.5042,2.55,2.45,2.5,,CASHEL-L4,3,2026-09-12T10:54:00
M0001016,HRS-RE-2609-07,ring_electrode_od_mm,2.5045,2.55,2.45,2.5,,CASHEL-L4,4,2026-09-12T10:57:00
M0001017,HRS-RE-2609-07,ring_electrode_od_mm,2.5053,2.55,2.45,2.5,,CASHEL-L4,5,2026-09-12T11:00:00
M0001018,HRS-RE-2609-07,ring_electrode_od_mm,2.494,2.55,2.45,2.5,,CASHEL-L4,6,2026-09-12T11:03:00
M0001019,HRS-RE-2609-07,ring_electrode_od_mm,2.4955,2.55,2.45,2.5,,CASHEL-L4,7,2026-09-12T11:06:00
M0001020,HRS-RE-2609-07,ring_electrode_od_mm,2.4955,2.55,2.45,2.5,,CASHEL-L4,8,2026-09-12T11:09:00
M0001021,HRS-RE-2609-07,ring_electrode_od_mm,2.5089,2.55,2.45,2.5,,CASHEL-L4,1,2026-09-12T11:12:00
M0001022,HRS-RE-2609-07,ring_electrode_od_mm,2.4987,2.55,2.45,2.5,,CASHEL-L4,2,2026-09-12T11:15:00
M0001023,HRS-RE-2609-07,ring_electrode_od_mm,2.4925,2.55,2.45,2.5,,CASHEL-L4,3,2026-09-12T11:18:00
M0001024,HRS-RE-2609-07,ring_electrode_od_mm,2.4964,2.55,2.45,2.5,,CASHEL-L4,4,2026-09-12T11:21:00
M0001025,HRS-RE-2609-07,ring_electrode_od_mm,2.5077,2.55,2.45,2.5,,CASHEL-L4,5,2026-09-12T11:24:00
M0001026,HRS-RE-2609-07,ring_electrode_od_mm,2.4989,2.55,2.45,2.5,,CASHEL-L4,6,2026-09-12T11:27:00
M0001027,HRS-RE-2609-07,ring_electrode_od_mm,2.4987,2.55,2.45,2.5,,CASHEL-L4,7,2026-09-12T11:30:00
M0001028,HRS-RE-2609-07,ring_electrode_od_mm,2.4985,2.55,2.45,2.5,,CASHEL-L4,8,2026-09-12T11:33:00
M0001029,HRS-RE-2609-07,ring_electrode_od_mm,2.501,2.55,2.45,2.5,,CASHEL-L4,1,2026-09-12T11:36:00
M0001030,HRS-RE-2609-07,ring_electrode_od_mm,2.4984,2.55,2.45,2.5,,CASHEL-L4,2,2026-09-12T11:39:00
M0001031,HRS-RE-2609-07,ring_electrode_od_mm,2.501,2.55,2.45,2.5,,CASHEL-L4,3,2026-09-12T11:42:00
M0001032,HRS-RE-2609-07,ring_electrode_od_mm,2.5044,2.55,2.45,2.5,,CASHEL-L4,4,2026-09-12T11:45:00
M0001033,HRS-RE-2609-07,ring_electrode_od_mm,2.4952,2.55,2.45,2.5,,CASHEL-L4,5,2026-09-12T11:48:00
M0001034,HRS-RE-2609-07,ring_electrode_od_mm,2.5007,2.55,2.45,2.5,,CASHEL-L4,6,2026-09-12T11:51:00
M0001035,HRS-RE-2609-07,ring_electrode_od_mm,2.5081,2.55,2.45,2.5,,CASHEL-L4,7,2026-09-12T11:54:00
M0001036,HRS-RE-2609-07,ring_electrode_od_mm,2.4967,2.55,2.45,2.5,,CASHEL-L4,8,2026-09-12T11:57:00
M0001037,HRS-RE-2609-07,ring_electrode_od_mm,2.5073,2.55,2.45,2.5,,CASHEL-L4,1,2026-09-12T12:00:00
M0001038,HRS-RE-2609-07,ring_electrode_od_mm,2.4935,2.55,2.45,2.5,,CASHEL-L4,2,2026-09-12T12:03:00
M0001039,HRS-RE-2609-07,ring_electrode_od_mm,2.49,2.55,2.45,2.5,,CASHEL-L4,3,2026-09-12T12:06:00
M0001040,HRS-RE-2609-07,ring_electrode_od_mm,2.5028,2.55,2.45,2.5,,CASHEL-L4,4,2026-09-12T12:09:00
M0001041,HRS-RE-2609-07,ring_electrode_od_mm,2.5011,2.55,2.45,2.5,,CASHEL-L4,5,2026-09-12T12:12:00
M0001042,HRS-RE-2609-07,ring_electrode_od_mm,2.5037,2.55,2.45,2.5,,CASHEL-L4,6,2026-09-12T12:15:00
M0001043,HRS-RE-2609-07,ring_electrode_od_mm,2.5007,2.55,2.45,2.5,,CASHEL-L4,7,2026-09-12T12:18:00
M0001044,HRS-RE-2609-07,ring_electrode_od_mm,2.5032,2.55,2.45,2.5,,CASHEL-L4,8,2026-09-12T12:21:00
M0001045,HRS-RE-2609-07,ring_electrode_od_mm,2.4892,2.55,2.45,2.5,,CASHEL-L4,1,2026-09-12T12:24:00
M0001046,HRS-RE-2609-07,ring_electrode_od_mm,2.4943,2.55,2.45,2.5,,CASHEL-L4,2,2026-09-12T12:27:00
M0001047,HRS-RE-2609-07,ring_electrode_od_mm,2.4929,2.55,2.45,2.5,,CASHEL-L4,3,2026-09-12T12:30:00
M0001048,HRS-RE-2609-07,ring_electrode_od_mm,2.5012,2.55,2.45,2.5,,CASHEL-L4,4,2026-09-12T12:33:00
M0001049,HRS-RE-2609-07,ring_electrode_od_mm,2.5011,2.55,2.45,2.5,,CASHEL-L4,5,2026-09-12T12:36:00
M0001050,HRS-RE-2609-07,ring_electrode_od_mm,2.5036,2.55,2.45,2.5,,CASHEL-L4,6,2026-09-12T12:39:00
M0001051,HRS-RE-2609-07,ring_electrode_od_mm,2.5005,2.55,2.45,2.5,,CASHEL-L4,7,2026-09-12T12:42:00
M0001052,HRS-RE-2609-07,ring_electrode_od_mm,2.509,2.55,2.45,2.5,,CASHEL-L4,8,2026-09-12T12:45:00
M0001053,HRS-RE-2609-07,ring_electrode_od_mm,2.4912,2.55,2.45,2.5,,CASHEL-L4,1,2026-09-12T12:48:00
M0001054,HRS-RE-2609-07,ring_electrode_od_mm,2.4935,2.55,2.45,2.5,,CASHEL-L4,2,2026-09-12T12:51:00
M0001055,HRS-RE-2609-07,ring_electrode_od_mm,2.4968,2.55,2.45,2.5,,CASHEL-L4,3,2026-09-12T12:54:00
M0001056,HRS-RE-2609-07,ring_electrode_od_mm,2.4895,2.55,2.45,2.5,,CASHEL-L4,4,2026-09-12T12:57:00
M0001057,HRS-RE-2609-07,ring_electrode_od_mm,2.5065,2.55,2.45,2.5,,CASHEL-L4,5,2026-09-12T13:00:00
M0001058,HRS-RE-2609-07,ring_electrode_od_mm,2.5066,2.55,2.45,2.5,,CASHEL-L4,6,2026-09-12T13:03:00
M0001059,HRS-RE-2609-07,ring_electrode_od_mm,2.4952,2.55,2.45,2.5,,CASHEL-L4,7,2026-09-12T13:06:00
M0001060,HRS-RE-2609-07,ring_electrode_od_mm,2.4936,2.55,2.45,2.5,,CASHEL-L4,8,2026-09-12T13:09:00
M0001061,HRS-RE-2609-07,ring_electrode_od_mm,2.4994,2.55,2.45,2.5,,CASHEL-L4,1,2026-09-12T13:12:00
M0001062,HRS-RE-2609-07,ring_electrode_od_mm,2.4999,2.55,2.45,2.5,,CASHEL-L4,2,2026-09-12T13:15:00
M0001063,HRS-RE-2609-07,ring_electrode_od_mm,2.5044,2.55,2.45,2.5,,CASHEL-L4,3,2026-09-12T13:18:00
M0001064,HRS-RE-2609-07,ring_electrode_od_mm,2.4987,2.55,2.45,2.5,,CASHEL-L4,4,2026-09-12T13:21:00
M0001065,HRS-RE-2609-07,ring_electrode_od_mm,2.5002,2.55,2.45,2.5,,CASHEL-L4,5,2026-09-12T13:24:00
M0001066,HRS-RE-2609-07,ring_electrode_od_mm,2.5065,2.55,2.45,2.5,,CASHEL-L4,6,2026-09-12T13:27:00
M0001067,HRS-RE-2609-07,ring_electrode_od_mm,2.508,2.55,2.45,2.5,,CASHEL-L4,7,2026-09-12T13:30:00
M0001068,HRS-RE-2609-07,ring_electrode_od_mm,2.4979,2.55,2.45,2.5,,CASHEL-L4,8,2026-09-12T13:33:00
M0001069,HRS-RE-2609-08,ring_electrode_od_mm,2.4997,2.55,2.45,2.5,,CASHEL-L4,1,2026-09-13T06:00:00
M0001070,HRS-RE-2609-08,ring_electrode_od_mm,2.5033,2.55,2.45,2.5,,CASHEL-L4,2,2026-09-13T06:03:00
M0001071,HRS-RE-2609-08,ring_electrode_od_mm,2.4905,2.55,2.45,2.5,,CASHEL-L4,3,2026-09-13T06:06:00
M0001072,HRS-RE-2609-08,ring_electrode_od_mm,2.4948,2.55,2.45,2.5,,CASHEL-L4,4,2026-09-13T06:09:00
M0001073,HRS-RE-2609-08,ring_electrode_od_mm,2.4999,2.55,2.45,2.5,,CASHEL-L4,5,2026-09-13T06:12:00
M0001074,HRS-RE-2609-08,ring_electrode_od_mm,2.5067,2.55,2.45,2.5,,CASHEL-L4,6,2026-09-13T06:15:00
M0001075,HRS-RE-2609-08,ring_electrode_od_mm,2.5017,2.55,2.45,2.5,,CASHEL-L4,7,2026-09-13T06:18:00
M0001076,HRS-RE-2609-08,ring_electrode_od_mm,2.4951,2.55,2.45,2.5,,CASHEL-L4,8,2026-09-13T06:21:00
M0001077,HRS-RE-2609-08,ring_electrode_od_mm,2.4929,2.55,2.45,2.5,,CASHEL-L4,1,2026-09-13T06:24:00
M0001078,HRS-RE-2609-08,ring_electrode_od_mm,2.4892,2.55,2.45,2.5,,CASHEL-L4,2,2026-09-13T06:27:00
M0001079,HRS-RE-2609-08,ring_electrode_od_mm,2.4975,2.55,2.45,2.5,,CASHEL-L4,3,2026-09-13T06:30:00
M0001080,HRS-RE-2609-08,ring_electrode_od_mm,2.4926,2.55,2.45,2.5,,CASHEL-L4,4,2026-09-13T06:33:00
M0001081,HRS-RE-2609-08,ring_electrode_od_mm,2.4962,2.55,2.45,2.5,,CASHEL-L4,5,2026-09-13T06:36:00
M0001082,HRS-RE-2609-08,ring_electrode_od_mm,2.4891,2.55,2.45,2.5,,CASHEL-L4,6,2026-09-13T06:39:00
M0001083,HRS-RE-2609-08,ring_electrode_od_mm,2.4978,2.55,2.45,2.5,,CASHEL-L4,7,2026-09-13T06:42:00
M0001084,HRS-RE-2609-08,ring_electrode_od_mm,2.4959,2.55,2.45,2.5,,CASHEL-L4,8,2026-09-13T06:45:00
M0001085,HRS-RE-2609-08,ring_electrode_od_mm,2.4906,2.55,2.45,2.5,,CASHEL-L4,1,2026-09-13T06:48:00
M0001086,HRS-RE-2609-08,ring_electrode_od_mm,2.4928,2.55,2.45,2.5,,CASHEL-L4,2,2026-09-13T06:51:00
M0001087,HRS-RE-2609-08,ring_electrode_od_mm,2.504,2.55,2.45,2.5,,CASHEL-L4,3,2026-09-13T06:54:00
M0001088,HRS-RE-2609-08,ring_electrode_od_mm,2.4976,2.55,2.45,2.5,,CASHEL-L4,4,2026-09-13T06:57:00
M0001089,HRS-RE-2609-08,ring_electrode_od_mm,2.4962,2.55,2.45,2.5,,CASHEL-L4,5,2026-09-13T07:00:00
M0001090,HRS-RE-2609-08,ring_electrode_od_mm,2.5052,2.55,2.45,2.5,,CASHEL-L4,6,2026-09-13T07:03:00
M0001091,HRS-RE-2609-08,ring_electrode_od_mm,2.4902,2.55,2.45,2.5,,CASHEL-L4,7,2026-09-13T07:06:00
M0001092,HRS-RE-2609-08,ring_electrode_od_mm,2.5011,2.55,2.45,2.5,,CASHEL-L4,8,2026-09-13T07:09:00
M0001093,HRS-RE-2609-08,ring_electrode_od_mm,2.4917,2.55,2.45,2.5,,CASHEL-L4,1,2026-09-13T07:12:00
M0001094,HRS-RE-2609-08,ring_electrode_od_mm,2.5056,2.55,2.45,2.5,,CASHEL-L4,2,2026-09-13T07:15:00
M0001095,HRS-RE-2609-08,ring_electrode_od_mm,2.4902,2.55,2.45,2.5,,CASHEL-L4,3,2026-09-13T07:18:00
M0001096,HRS-RE-2609-08,ring_electrode_od_mm,2.4939,2.55,2.45,2.5,,CASHEL-L4,4,2026-09-13T07:21:00
M0001097,HRS-RE-2609-08,ring_electrode_od_mm,2.5004,2.55,2.45,2.5,,CASHEL-L4,5,2026-09-13T07:24:00
M0001098,HRS-RE-2609-08,ring_electrode_od_mm,2.4933,2.55,2.45,2.5,,CASHEL-L4,6,2026-09-13T07:27:00
M0001099,HRS-RE-2609-08,ring_electrode_od_mm,2.5074,2.55,2.45,2.5,,CASHEL-L4,7,2026-09-13T07:30:00
M0001100,HRS-RE-2609-08,ring_electrode_od_mm,2.5028,2.55,2.45,2.5,,CASHEL-L4,8,2026-09-13T07:33:00
M0001101,HRS-RE-2609-08,ring_electrode_od_mm,2.4952,2.55,2.45,2.5,,CASHEL-L4,1,2026-09-13T07:36:00
M0001102,HRS-RE-2609-08,ring_electrode_od_mm,2.5054,2.55,2.45,2.5,,CASHEL-L4,2,2026-09-13T07:39:00
M0001103,HRS-RE-2609-08,ring_electrode_od_mm,2.4951,2.55,2.45,2.5,,CASHEL-L4,3,2026-09-13T07:42:00
M0001104,HRS-RE-2609-08,ring_electrode_od_mm,2.4982,2.55,2.45,2.5,,CASHEL-L4,4,2026-09-13T07:45:00
M0001105,HRS-RE-2609-08,ring_electrode_od_mm,2.5017,2.55,2.45,2.5,,CASHEL-L4,5,2026-09-13T07:48:00
M0001106,HRS-RE-2609-08,ring_electrode_od_mm,2.4942,2.55,2.45,2.5,,CASHEL-L4,6,2026-09-13T07:51:00
M0001107,HRS-RE-2609-08,ring_electrode_od_mm,2.4982,2.55,2.45,2.5,,CASHEL-L4,7,2026-09-13T07:54:00
M0001108,HRS-RE-2609-08,ring_electrode_od_mm,2.4919,2.55,2.45,2.5,,CASHEL-L4,8,2026-09-13T07:57:00
M0001109,HRS-RE-2609-08,ring_electrode_od_mm,2.5076,2.55,2.45,2.5,,CASHEL-L4,1,2026-09-13T08:00:00
M0001110,HRS-RE-2609-08,ring_electrode_od_mm,2.5056,2.55,2.45,2.5,,CASHEL-L4,2,2026-09-13T08:03:00
M0001111,HRS-RE-2609-08,ring_electrode_od_mm,2.5007,2.55,2.45,2.5,,CASHEL-L4,3,2026-09-13T08:06:00
M0001112,HRS-RE-2609-08,ring_electrode_od_mm,2.5041,2.55,2.45,2.5,,CASHEL-L4,4,2026-09-13T08:09:00
M0001113,HRS-RE-2609-08,ring_electrode_od_mm,2.4993,2.55,2.45,2.5,,CASHEL-L4,5,2026-09-13T08:12:00
M0001114,HRS-RE-2609-08,ring_electrode_od_mm,2.5067,2.55,2.45,2.5,,CASHEL-L4,6,2026-09-13T08:15:00
M0001115,HRS-RE-2609-08,ring_electrode_od_mm,2.4996,2.55,2.45,2.5,,CASHEL-L4,7,2026-09-13T08:18:00
M0001116,HRS-RE-2609-08,ring_electrode_od_mm,2.4959,2.55,2.45,2.5,,CASHEL-L4,8,2026-09-13T08:21:00
M0001117,HRS-RE-2609-08,ring_electrode_od_mm,2.4985,2.55,2.45,2.5,,CASHEL-L4,1,2026-09-13T08:24:00
M0001118,HRS-RE-2609-08,ring_electrode_od_mm,2.4922,2.55,2.45,2.5,,CASHEL-L4,2,2026-09-13T08:27:00
M0001119,HRS-RE-2609-08,ring_electrode_od_mm,2.5085,2.55,2.45,2.5,,CASHEL-L4,3,2026-09-13T08:30:00
M0001120,HRS-RE-2609-08,ring_electrode_od_mm,2.5073,2.55,2.45,2.5,,CASHEL-L4,4,2026-09-13T08:33:00
M0001121,HRS-RE-2609-08,ring_electrode_od_mm,2.4904,2.55,2.45,2.5,,CASHEL-L4,5,2026-09-13T08:36:00
M0001122,HRS-RE-2609-08,ring_electrode_od_mm,2.4969,2.55,2.45,2.5,,CASHEL-L4,6,2026-09-13T08:39:00
M0001123,HRS-RE-2609-08,ring_electrode_od_mm,2.492,2.55,2.45,2.5,,CASHEL-L4,7,2026-09-13T08:42:00
M0001124,HRS-RE-2609-08,ring_electrode_od_mm,2.5063,2.55,2.45,2.5,,CASHEL-L4,8,2026-09-13T08:45:00
M0001125,HRS-RE-2609-08,ring_electrode_od_mm,2.5077,2.55,2.45,2.5,,CASHEL-L4,1,2026-09-13T08:48:00
M0001126,HRS-RE-2609-08,ring_electrode_od_mm,2.5072,2.55,2.45,2.5,,CASHEL-L4,2,2026-09-13T08:51:00
M0001127,HRS-RE-2609-08,ring_electrode_od_mm,2.5063,2.55,2.45,2.5,,CASHEL-L4,3,2026-09-13T08:54:00
M0001128,HRS-RE-2609-08,ring_electrode_od_mm,2.4966,2.55,2.45,2.5,,CASHEL-L4,4,2026-09-13T08:57:00
M0001129,HRS-RE-2609-08,ring_electrode_od_mm,2.5004,2.55,2.45,2.5,,CASHEL-L4,5,2026-09-13T09:00:00
M0001130,HRS-RE-2609-08,ring_electrode_od_mm,2.4979,2.55,2.45,2.5,,CASHEL-L4,6,2026-09-13T09:03:00
M0001131,HRS-RE-2609-08,ring_electrode_od_mm,2.4946,2.55,2.45,2.5,,CASHEL-L4,7,2026-09-13T09:06:00
M0001132,HRS-RE-2609-08,ring_electrode_od_mm,2.496,2.55,2.45,2.5,,CASHEL-L4,8,2026-09-13T09:09:00
M0001133,HRS-RE-2609-08,ring_electrode_od_mm,2.5081,2.55,2.45,2.5,,CASHEL-L4,1,2026-09-13T09:12:00
M0001134,HRS-RE-2609-08,ring_electrode_od_mm,2.493,2.55,2.45,2.5,,CASHEL-L4,2,2026-09-13T09:15:00
M0001135,HRS-RE-2609-08,ring_electrode_od_mm,2.4985,2.55,2.45,2.5,,CASHEL-L4,3,2026-09-13T09:18:00
M0001136,HRS-RE-2609-08,ring_electrode_od_mm,2.4979,2.55,2.45,2.5,,CASHEL-L4,4,2026-09-13T09:21:00
M0001137,HRS-RE-2609-08,ring_electrode_od_mm,2.5078,2.55,2.45,2.5,,CASHEL-L4,5,2026-09-13T09:24:00
M0001138,HRS-RE-2609-08,ring_electrode_od_mm,2.5069,2.55,2.45,2.5,,CASHEL-L4,6,2026-09-13T09:27:00
M0001139,HRS-RE-2609-08,ring_electrode_od_mm,2.4955,2.55,2.45,2.5,,CASHEL-L4,7,2026-09-13T09:30:00
M0001140,HRS-RE-2609-08,ring_electrode_od_mm,2.503,2.55,2.45,2.5,,CASHEL-L4,8,2026-09-13T09:33:00
M0001141,HRS-RE-2609-08,ring_electrode_od_mm,2.5055,2.55,2.45,2.5,,CASHEL-L4,1,2026-09-13T09:36:00
M0001142,HRS-RE-2609-08,ring_electrode_od_mm,2.4958,2.55,2.45,2.5,,CASHEL-L4,2,2026-09-13T09:39:00
M0001143,HRS-RE-2609-08,ring_electrode_od_mm,2.5067,2.55,2.45,2.5,,CASHEL-L4,3,2026-09-13T09:42:00
M0001144,HRS-RE-2609-08,ring_electrode_od_mm,2.505,2.55,2.45,2.5,,CASHEL-L4,4,2026-09-13T09:45:00
M0001145,HRS-RE-2609-08,ring_electrode_od_mm,2.4968,2.55,2.45,2.5,,CASHEL-L4,5,2026-09-13T09:48:00
M0001146,HRS-RE-2609-08,ring_electrode_od_mm,2.5077,2.55,2.45,2.5,,CASHEL-L4,6,2026-09-13T09:51:00
M0001147,HRS-RE-2609-08,ring_electrode_od_mm,2.5058,2.55,2.45,2.5,,CASHEL-L4,7,2026-09-13T09:54:00
M0001148,HRS-RE-2609-08,ring_electrode_od_mm,2.4949,2.55,2.45,2.5,,CASHEL-L4,8,2026-09-13T09:57:00
M0001149,HRS-RE-2609-08,ring_electrode_od_mm,2.4984,2.55,2.45,2.5,,CASHEL-L4,1,2026-09-13T10:00:00
M0001150,HRS-RE-2609-08,ring_electrode_od_mm,2.5052,2.55,2.45,2.5,,CASHEL-L4,2,2026-09-13T10:03:00
M0001151,HRS-RE-2609-08,ring_electrode_od_mm,2.4986,2.55,2.45,2.5,,CASHEL-L4,3,2026-09-13T10:06:00
M0001152,HRS-RE-2609-08,ring_electrode_od_mm,2.4976,2.55,2.45,2.5,,CASHEL-L4,4,2026-09-13T10:09:00
M0001153,HRS-RE-2609-08,ring_electrode_od_mm,2.503,2.55,2.45,2.5,,CASHEL-L4,5,2026-09-13T10:12:00
M0001154,HRS-RE-2609-08,ring_electrode_od_mm,2.4912,2.55,2.45,2.5,,CASHEL-L4,6,2026-09-13T10:15:00
M0001155,HRS-RE-2609-08,ring_electrode_od_mm,2.5075,2.55,2.45,2.5,,CASHEL-L4,7,2026-09-13T10:18:00
M0001156,HRS-RE-2609-08,ring_electrode_od_mm,2.4923,2.55,2.45,2.5,,CASHEL-L4,8,2026-09-13T10:21:00
M0001157,HRS-RE-2609-08,ring_electrode_od_mm,2.4999,2.55,2.45,2.5,,CASHEL-L4,1,2026-09-13T10:24:00
M0001158,HRS-RE-2609-08,ring_electrode_od_mm,2.5075,2.55,2.45,2.5,,CASHEL-L4,2,2026-09-13T10:27:00
M0001159,HRS-RE-2609-08,ring_electrode_od_mm,2.5087,2.55,2.45,2.5,,CASHEL-L4,3,2026-09-13T10:30:00
M0001160,HRS-RE-2609-08,ring_electrode_od_mm,2.5004,2.55,2.45,2.5,,CASHEL-L4,4,2026-09-13T10:33:00
M0001161,HRS-RE-2609-08,ring_electrode_od_mm,2.4936,2.55,2.45,2.5,,CASHEL-L4,5,2026-09-13T10:36:00
M0001162,HRS-RE-2609-08,ring_electrode_od_mm,2.4906,2.55,2.45,2.5,,CASHEL-L4,6,2026-09-13T10:39:00
M0001163,HRS-RE-2609-08,ring_electrode_od_mm,2.4909,2.55,2.45,2.5,,CASHEL-L4,7,2026-09-13T10:42:00
M0001164,HRS-RE-2609-08,ring_electrode_od_mm,2.4928,2.55,2.45,2.5,,CASHEL-L4,8,2026-09-13T10:45:00
M0001165,HRS-RE-2609-08,ring_electrode_od_mm,2.491,2.55,2.45,2.5,,CASHEL-L4,1,2026-09-13T10:48:00
M0001166,HRS-RE-2609-08,ring_electrode_od_mm,2.5053,2.55,2.45,2.5,,CASHEL-L4,2,2026-09-13T10:51:00
M0001167,HRS-RE-2609-08,ring_electrode_od_mm,2.4945,2.55,2.45,2.5,,CASHEL-L4,3,2026-09-13T10:54:00
M0001168,HRS-RE-2609-08,ring_electrode_od_mm,2.4946,2.55,2.45,2.5,,CASHEL-L4,4,2026-09-13T10:57:00
M0001169,HRS-RE-2609-08,ring_electrode_od_mm,2.5083,2.55,2.45,2.5,,CASHEL-L4,5,2026-09-13T11:00:00
M0001170,HRS-RE-2609-08,ring_electrode_od_mm,2.5043,2.55,2.45,2.5,,CASHEL-L4,6,2026-09-13T11:03:00
M0001171,HRS-RE-2609-08,ring_electrode_od_mm,2.5084,2.55,2.45,2.5,,CASHEL-L4,7,2026-09-13T11:06:00
M0001172,HRS-RE-2609-08,ring_electrode_od_mm,2.5029,2.55,2.45,2.5,,CASHEL-L4,8,2026-09-13T11:09:00
M0001173,HRS-RE-2609-08,ring_electrode_od_mm,2.5015,2.55,2.45,2.5,,CASHEL-L4,1,2026-09-13T11:12:00
M0001174,HRS-RE-2609-08,ring_electrode_od_mm,2.5068,2.55,2.45,2.5,,CASHEL-L4,2,2026-09-13T11:15:00
M0001175,HRS-RE-2609-08,ring_electrode_od_mm,2.4992,2.55,2.45,2.5,,CASHEL-L4,3,2026-09-13T11:18:00
M0001176,HRS-RE-2609-08,ring_electrode_od_mm,2.4942,2.55,2.45,2.5,,CASHEL-L4,4,2026-09-13T11:21:00
M0001177,HRS-RE-2609-08,ring_electrode_od_mm,2.4964,2.55,2.45,2.5,,CASHEL-L4,5,2026-09-13T11:24:00
M0001178,HRS-RE-2609-08,ring_electrode_od_mm,2.5,2.55,2.45,2.5,,CASHEL-L4,6,2026-09-13T11:27:00
M0001179,HRS-RE-2609-08,ring_electrode_od_mm,2.4901,2.55,2.45,2.5,,CASHEL-L4,7,2026-09-13T11:30:00
M0001180,HRS-RE-2609-08,ring_electrode_od_mm,2.4942,2.55,2.45,2.5,,CASHEL-L4,8,2026-09-13T11:33:00
M0001181,HRS-RE-2609-08,ring_electrode_od_mm,2.5032,2.55,2.45,2.5,,CASHEL-L4,1,2026-09-13T11:36:00
M0001182,HRS-RE-2609-08,ring_electrode_od_mm,2.5029,2.55,2.45,2.5,,CASHEL-L4,2,2026-09-13T11:39:00
M0001183,HRS-RE-2609-08,ring_electrode_od_mm,2.5002,2.55,2.45,2.5,,CASHEL-L4,3,2026-09-13T11:42:00
M0001184,HRS-RE-2609-08,ring_electrode_od_mm,2.4971,2.55,2.45,2.5,,CASHEL-L4,4,2026-09-13T11:45:00
M0001185,HRS-RE-2609-08,ring_electrode_od_mm,2.502,2.55,2.45,2.5,,CASHEL-L4,5,2026-09-13T11:48:00
M0001186,HRS-RE-2609-08,ring_electrode_od_mm,2.4934,2.55,2.45,2.5,,CASHEL-L4,6,2026-09-13T11:51:00
M0001187,HRS-RE-2609-08,ring_electrode_od_mm,2.5,2.55,2.45,2.5,,CASHEL-L4,7,2026-09-13T11:54:00
M0001188,HRS-RE-2609-08,ring_electrode_od_mm,2.5085,2.55,2.45,2.5,,CASHEL-L4,8,2026-09-13T11:57:00
M0001189,HRS-RE-2609-08,ring_electrode_od_mm,2.5042,2.55,2.45,2.5,,CASHEL-L4,1,2026-09-13T12:00:00
M0001190,HRS-RE-2609-08,ring_electrode_od_mm,2.5073,2.55,2.45,2.5,,CASHEL-L4,2,2026-09-13T12:03:00
M0001191,HRS-RE-2609-08,ring_electrode_od_mm,2.497,2.55,2.45,2.5,,CASHEL-L4,3,2026-09-13T12:06:00
M0001192,HRS-RE-2609-08,ring_electrode_od_mm,2.502,2.55,2.45,2.5,,CASHEL-L4,4,2026-09-13T12:09:00
M0001193,HRS-RE-2609-08,ring_electrode_od_mm,2.497,2.55,2.45,2.5,,CASHEL-L4,5,2026-09-13T12:12:00
M0001194,HRS-RE-2609-08,ring_electrode_od_mm,2.4912,2.55,2.45,2.5,,CASHEL-L4,6,2026-09-13T12:15:00
M0001195,HRS-RE-2609-08,ring_electrode_od_mm,2.4891,2.55,2.45,2.5,,CASHEL-L4,7,2026-09-13T12:18:00
M0001196,HRS-RE-2609-08,ring_electrode_od_mm,2.4941,2.55,2.45,2.5,,CASHEL-L4,8,2026-09-13T12:21:00
M0001197,HRS-RE-2609-08,ring_electrode_od_mm,2.5066,2.55,2.45,2.5,,CASHEL-L4,1,2026-09-13T12:24:00
M0001198,HRS-RE-2609-08,ring_electrode_od_mm,2.4933,2.55,2.45,2.5,,CASHEL-L4,2,2026-09-13T12:27:00
M0001199,HRS-RE-2609-08,ring_electrode_od_mm,2.4978,2.55,2.45,2.5,,CASHEL-L4,3,2026-09-13T12:30:00
M0001200,HRS-RE-2609-08,ring_electrode_od_mm,2.5047,2.55,2.45,2.5,,CASHEL-L4,4,2026-09-13T12:33:00
M0001201,HRS-RE-2609-08,ring_electrode_od_mm,2.505,2.55,2.45,2.5,,CASHEL-L4,5,2026-09-13T12:36:00
M0001202,HRS-RE-2609-08,ring_electrode_od_mm,2.4984,2.55,2.45,2.5,,CASHEL-L4,6,2026-09-13T12:39:00
M0001203,HRS-RE-2609-08,ring_electrode_od_mm,2.4998,2.55,2.45,2.5,,CASHEL-L4,7,2026-09-13T12:42:00
M0001204,HRS-RE-2609-08,ring_electrode_od_mm,2.507,2.55,2.45,2.5,,CASHEL-L4,8,2026-09-13T12:45:00
M0001205,HRS-RE-2609-08,ring_electrode_od_mm,2.5023,2.55,2.45,2.5,,CASHEL-L4,1,2026-09-13T12:48:00
M0001206,HRS-RE-2609-08,ring_electrode_od_mm,2.4935,2.55,2.45,2.5,,CASHEL-L4,2,2026-09-13T12:51:00
M0001207,HRS-RE-2609-08,ring_electrode_od_mm,2.5048,2.55,2.45,2.5,,CASHEL-L4,3,2026-09-13T12:54:00
M0001208,HRS-RE-2609-08,ring_electrode_od_mm,2.4998,2.55,2.45,2.5,,CASHEL-L4,4,2026-09-13T12:57:00
M0001209,HRS-RE-2609-08,ring_electrode_od_mm,2.4995,2.55,2.45,2.5,,CASHEL-L4,5,2026-09-13T13:00:00
M0001210,HRS-RE-2609-08,ring_electrode_od_mm,2.492,2.55,2.45,2.5,,CASHEL-L4,6,2026-09-13T13:03:00
M0001211,HRS-RE-2609-08,ring_electrode_od_mm,2.5017,2.55,2.45,2.5,,CASHEL-L4,7,2026-09-13T13:06:00
M0001212,HRS-RE-2609-08,ring_electrode_od_mm,2.5078,2.55,2.45,2.5,,CASHEL-L4,8,2026-09-13T13:09:00
M0001213,HRS-RE-2609-08,ring_electrode_od_mm,2.4933,2.55,2.45,2.5,,CASHEL-L4,1,2026-09-13T13:12:00
M0001214,HRS-RE-2609-08,ring_electrode_od_mm,2.495,2.55,2.45,2.5,,CASHEL-L4,2,2026-09-13T13:15:00
M0001215,HRS-RE-2609-08,ring_electrode_od_mm,2.4924,2.55,2.45,2.5,,CASHEL-L4,3,2026-09-13T13:18:00
M0001216,HRS-RE-2609-08,ring_electrode_od_mm,2.5074,2.55,2.45,2.5,,CASHEL-L4,4,2026-09-13T13:21:00
M0001217,HRS-RE-2609-09,ring_electrode_od_mm,2.543,2.55,2.45,2.5,RULE_2,CASHEL-L4,1,2026-09-14T06:00:00
M0001218,HRS-RE-2609-09,ring_electrode_od_mm,2.5472,2.55,2.45,2.5,,CASHEL-L4,2,2026-09-14T06:03:00
M0001219,HRS-RE-2609-09,ring_electrode_od_mm,2.5459,2.55,2.45,2.5,,CASHEL-L4,3,2026-09-14T06:06:00
M0001220,HRS-RE-2609-09,ring_electrode_od_mm,2.5492,2.55,2.45,2.5,,CASHEL-L4,4,2026-09-14T06:09:00
M0001221,HRS-RE-2609-09,ring_electrode_od_mm,2.5396,2.55,2.45,2.5,,CASHEL-L4,5,2026-09-14T06:12:00
M0001222,HRS-RE-2609-09,ring_electrode_od_mm,2.5432,2.55,2.45,2.5,,CASHEL-L4,6,2026-09-14T06:15:00
M0001223,HRS-RE-2609-09,ring_electrode_od_mm,2.5501,2.55,2.45,2.5,RULE_1,CASHEL-L4,7,2026-09-14T06:18:00
M0001224,HRS-RE-2609-09,ring_electrode_od_mm,2.5494,2.55,2.45,2.5,,CASHEL-L4,8,2026-09-14T06:21:00
M0001225,HRS-RE-2609-09,ring_electrode_od_mm,2.5446,2.55,2.45,2.5,,CASHEL-L4,1,2026-09-14T06:24:00
M0001226,HRS-RE-2609-09,ring_electrode_od_mm,2.5422,2.55,2.45,2.5,RULE_2,CASHEL-L4,2,2026-09-14T06:27:00
M0001227,HRS-RE-2609-09,ring_electrode_od_mm,2.5479,2.55,2.45,2.5,,CASHEL-L4,3,2026-09-14T06:30:00
M0001228,HRS-RE-2609-09,ring_electrode_od_mm,2.5539,2.55,2.45,2.5,RULE_1,CASHEL-L4,4,2026-09-14T06:33:00
M0001229,HRS-RE-2609-09,ring_electrode_od_mm,2.5524,2.55,2.45,2.5,RULE_1,CASHEL-L4,5,2026-09-14T06:36:00
M0001230,HRS-RE-2609-09,ring_electrode_od_mm,2.539,2.55,2.45,2.5,,CASHEL-L4,6,2026-09-14T06:39:00
M0001231,HRS-RE-2609-09,ring_electrode_od_mm,2.5428,2.55,2.45,2.5,,CASHEL-L4,7,2026-09-14T06:42:00
M0001232,HRS-RE-2609-09,ring_electrode_od_mm,2.5414,2.55,2.45,2.5,,CASHEL-L4,8,2026-09-14T06:45:00
M0001233,HRS-RE-2609-09,ring_electrode_od_mm,2.5355,2.55,2.45,2.5,,CASHEL-L4,1,2026-09-14T06:48:00
M0001234,HRS-RE-2609-09,ring_electrode_od_mm,2.55,2.55,2.45,2.5,,CASHEL-L4,2,2026-09-14T06:51:00
M0001235,HRS-RE-2609-09,ring_electrode_od_mm,2.5478,2.55,2.45,2.5,RULE_2,CASHEL-L4,3,2026-09-14T06:54:00
M0001236,HRS-RE-2609-09,ring_electrode_od_mm,2.5502,2.55,2.45,2.5,RULE_1,CASHEL-L4,4,2026-09-14T06:57:00
M0001237,HRS-RE-2609-09,ring_electrode_od_mm,2.5442,2.55,2.45,2.5,,CASHEL-L4,5,2026-09-14T07:00:00
M0001238,HRS-RE-2609-09,ring_electrode_od_mm,2.5464,2.55,2.45,2.5,,CASHEL-L4,6,2026-09-14T07:03:00
M0001239,HRS-RE-2609-09,ring_electrode_od_mm,2.5408,2.55,2.45,2.5,,CASHEL-L4,7,2026-09-14T07:06:00
M0001240,HRS-RE-2609-09,ring_electrode_od_mm,2.5545,2.55,2.45,2.5,RULE_1,CASHEL-L4,8,2026-09-14T07:09:00
M0001241,HRS-RE-2609-09,ring_electrode_od_mm,2.5547,2.55,2.45,2.5,RULE_1,CASHEL-L4,1,2026-09-14T07:12:00
M0001242,HRS-RE-2609-09,ring_electrode_od_mm,2.5534,2.55,2.45,2.5,RULE_1,CASHEL-L4,2,2026-09-14T07:15:00
M0001243,HRS-RE-2609-09,ring_electrode_od_mm,2.5513,2.55,2.45,2.5,RULE_1,CASHEL-L4,3,2026-09-14T07:18:00
M0001244,HRS-RE-2609-09,ring_electrode_od_mm,2.5543,2.55,2.45,2.5,RULE_1,CASHEL-L4,4,2026-09-14T07:21:00
M0001245,HRS-RE-2609-09,ring_electrode_od_mm,2.5516,2.55,2.45,2.5,RULE_1,CASHEL-L4,5,2026-09-14T07:24:00
M0001246,HRS-RE-2609-09,ring_electrode_od_mm,2.5414,2.55,2.45,2.5,,CASHEL-L4,6,2026-09-14T07:27:00
M0001247,HRS-RE-2609-09,ring_electrode_od_mm,2.5444,2.55,2.45,2.5,,CASHEL-L4,7,2026-09-14T07:30:00
M0001248,HRS-RE-2609-09,ring_electrode_od_mm,2.5523,2.55,2.45,2.5,RULE_1,CASHEL-L4,8,2026-09-14T07:33:00
M0001249,HRS-RE-2609-09,ring_electrode_od_mm,2.5424,2.55,2.45,2.5,,CASHEL-L4,1,2026-09-14T07:36:00
M0001250,HRS-RE-2609-09,ring_electrode_od_mm,2.5392,2.55,2.45,2.5,,CASHEL-L4,2,2026-09-14T07:39:00
M0001251,HRS-RE-2609-09,ring_electrode_od_mm,2.5367,2.55,2.45,2.5,,CASHEL-L4,3,2026-09-14T07:42:00
M0001252,HRS-RE-2609-09,ring_electrode_od_mm,2.5528,2.55,2.45,2.5,RULE_1,CASHEL-L4,4,2026-09-14T07:45:00
M0001253,HRS-RE-2609-09,ring_electrode_od_mm,2.5502,2.55,2.45,2.5,RULE_1,CASHEL-L4,5,2026-09-14T07:48:00
M0001254,HRS-RE-2609-09,ring_electrode_od_mm,2.5429,2.55,2.45,2.5,,CASHEL-L4,6,2026-09-14T07:51:00
M0001255,HRS-RE-2609-09,ring_electrode_od_mm,2.5395,2.55,2.45,2.5,,CASHEL-L4,7,2026-09-14T07:54:00
M0001256,HRS-RE-2609-09,ring_electrode_od_mm,2.545,2.55,2.45,2.5,,CASHEL-L4,8,2026-09-14T07:57:00
M0001257,HRS-RE-2609-09,ring_electrode_od_mm,2.5387,2.55,2.45,2.5,,CASHEL-L4,1,2026-09-14T08:00:00
M0001258,HRS-RE-2609-09,ring_electrode_od_mm,2.5422,2.55,2.45,2.5,,CASHEL-L4,2,2026-09-14T08:03:00
M0001259,HRS-RE-2609-09,ring_electrode_od_mm,2.5504,2.55,2.45,2.5,RULE_1,CASHEL-L4,3,2026-09-14T08:06:00
M0001260,HRS-RE-2609-09,ring_electrode_od_mm,2.5445,2.55,2.45,2.5,,CASHEL-L4,4,2026-09-14T08:09:00
M0001261,HRS-RE-2609-09,ring_electrode_od_mm,2.5498,2.55,2.45,2.5,,CASHEL-L4,5,2026-09-14T08:12:00
M0001262,HRS-RE-2609-09,ring_electrode_od_mm,2.5453,2.55,2.45,2.5,RULE_2,CASHEL-L4,6,2026-09-14T08:15:00
M0001263,HRS-RE-2609-09,ring_electrode_od_mm,2.5534,2.55,2.45,2.5,RULE_1,CASHEL-L4,7,2026-09-14T08:18:00
M0001264,HRS-RE-2609-09,ring_electrode_od_mm,2.5482,2.55,2.45,2.5,,CASHEL-L4,8,2026-09-14T08:21:00
M0001265,HRS-RE-2609-09,ring_electrode_od_mm,2.5431,2.55,2.45,2.5,,CASHEL-L4,1,2026-09-14T08:24:00
M0001266,HRS-RE-2609-09,ring_electrode_od_mm,2.5368,2.55,2.45,2.5,,CASHEL-L4,2,2026-09-14T08:27:00
M0001267,HRS-RE-2609-09,ring_electrode_od_mm,2.5393,2.55,2.45,2.5,,CASHEL-L4,3,2026-09-14T08:30:00
M0001268,HRS-RE-2609-09,ring_electrode_od_mm,2.5404,2.55,2.45,2.5,,CASHEL-L4,4,2026-09-14T08:33:00
M0001269,HRS-RE-2609-09,ring_electrode_od_mm,2.5418,2.55,2.45,2.5,,CASHEL-L4,5,2026-09-14T08:36:00
M0001270,HRS-RE-2609-09,ring_electrode_od_mm,2.5507,2.55,2.45,2.5,RULE_1,CASHEL-L4,6,2026-09-14T08:39:00
M0001271,HRS-RE-2609-09,ring_electrode_od_mm,2.5391,2.55,2.45,2.5,RULE_2,CASHEL-L4,7,2026-09-14T08:42:00
M0001272,HRS-RE-2609-09,ring_electrode_od_mm,2.5456,2.55,2.45,2.5,,CASHEL-L4,8,2026-09-14T08:45:00
M0001273,HRS-RE-2609-09,ring_electrode_od_mm,2.5417,2.55,2.45,2.5,,CASHEL-L4,1,2026-09-14T08:48:00
M0001274,HRS-RE-2609-09,ring_electrode_od_mm,2.5418,2.55,2.45,2.5,,CASHEL-L4,2,2026-09-14T08:51:00
M0001275,HRS-RE-2609-09,ring_electrode_od_mm,2.5548,2.55,2.45,2.5,RULE_1,CASHEL-L4,3,2026-09-14T08:54:00
M0001276,HRS-RE-2609-09,ring_electrode_od_mm,2.5377,2.55,2.45,2.5,,CASHEL-L4,4,2026-09-14T08:57:00
M0001277,HRS-RE-2609-09,ring_electrode_od_mm,2.5522,2.55,2.45,2.5,RULE_1,CASHEL-L4,5,2026-09-14T09:00:00
M0001278,HRS-RE-2609-09,ring_electrode_od_mm,2.5534,2.55,2.45,2.5,RULE_1,CASHEL-L4,6,2026-09-14T09:03:00
M0001279,HRS-RE-2609-09,ring_electrode_od_mm,2.542,2.55,2.45,2.5,,CASHEL-L4,7,2026-09-14T09:06:00
M0001280,HRS-RE-2609-09,ring_electrode_od_mm,2.54,2.55,2.45,2.5,RULE_2,CASHEL-L4,8,2026-09-14T09:09:00
M0001281,HRS-RE-2609-09,ring_electrode_od_mm,2.5496,2.55,2.45,2.5,,CASHEL-L4,1,2026-09-14T09:12:00
M0001282,HRS-RE-2609-09,ring_electrode_od_mm,2.5496,2.55,2.45,2.5,,CASHEL-L4,2,2026-09-14T09:15:00
M0001283,HRS-RE-2609-09,ring_electrode_od_mm,2.5408,2.55,2.45,2.5,,CASHEL-L4,3,2026-09-14T09:18:00
M0001284,HRS-RE-2609-09,ring_electrode_od_mm,2.5404,2.55,2.45,2.5,,CASHEL-L4,4,2026-09-14T09:21:00
M0001285,HRS-RE-2609-09,ring_electrode_od_mm,2.5375,2.55,2.45,2.5,,CASHEL-L4,5,2026-09-14T09:24:00
M0001286,HRS-RE-2609-09,ring_electrode_od_mm,2.5527,2.55,2.45,2.5,RULE_1,CASHEL-L4,6,2026-09-14T09:27:00
M0001287,HRS-RE-2609-09,ring_electrode_od_mm,2.5363,2.55,2.45,2.5,,CASHEL-L4,7,2026-09-14T09:30:00
M0001288,HRS-RE-2609-09,ring_electrode_od_mm,2.5542,2.55,2.45,2.5,RULE_1,CASHEL-L4,8,2026-09-14T09:33:00
M0001289,HRS-RE-2609-09,ring_electrode_od_mm,2.5408,2.55,2.45,2.5,RULE_2,CASHEL-L4,1,2026-09-14T09:36:00
M0001290,HRS-RE-2609-09,ring_electrode_od_mm,2.5379,2.55,2.45,2.5,,CASHEL-L4,2,2026-09-14T09:39:00
M0001291,HRS-RE-2609-09,ring_electrode_od_mm,2.5488,2.55,2.45,2.5,,CASHEL-L4,3,2026-09-14T09:42:00
M0001292,HRS-RE-2609-09,ring_electrode_od_mm,2.5543,2.55,2.45,2.5,RULE_1,CASHEL-L4,4,2026-09-14T09:45:00
M0001293,HRS-RE-2609-09,ring_electrode_od_mm,2.5472,2.55,2.45,2.5,,CASHEL-L4,5,2026-09-14T09:48:00
M0001294,HRS-RE-2609-09,ring_electrode_od_mm,2.5357,2.55,2.45,2.5,,CASHEL-L4,6,2026-09-14T09:51:00
M0001295,HRS-RE-2609-09,ring_electrode_od_mm,2.548,2.55,2.45,2.5,,CASHEL-L4,7,2026-09-14T09:54:00
M0001296,HRS-RE-2609-09,ring_electrode_od_mm,2.5529,2.55,2.45,2.5,RULE_1,CASHEL-L4,8,2026-09-14T09:57:00
M0001297,HRS-RE-2609-09,ring_electrode_od_mm,2.5497,2.55,2.45,2.5,,CASHEL-L4,1,2026-09-14T10:00:00
M0001298,HRS-RE-2609-09,ring_electrode_od_mm,2.5487,2.55,2.45,2.5,RULE_2,CASHEL-L4,2,2026-09-14T10:03:00
M0001299,HRS-RE-2609-09,ring_electrode_od_mm,2.5508,2.55,2.45,2.5,RULE_1,CASHEL-L4,3,2026-09-14T10:06:00
M0001300,HRS-RE-2609-09,ring_electrode_od_mm,2.5548,2.55,2.45,2.5,RULE_1,CASHEL-L4,4,2026-09-14T10:09:00
M0001301,HRS-RE-2609-09,ring_electrode_od_mm,2.536,2.55,2.45,2.5,,CASHEL-L4,5,2026-09-14T10:12:00
M0001302,HRS-RE-2609-09,ring_electrode_od_mm,2.5363,2.55,2.45,2.5,,CASHEL-L4,6,2026-09-14T10:15:00
M0001303,HRS-RE-2609-09,ring_electrode_od_mm,2.5452,2.55,2.45,2.5,,CASHEL-L4,7,2026-09-14T10:18:00
M0001304,HRS-RE-2609-09,ring_electrode_od_mm,2.5504,2.55,2.45,2.5,RULE_1,CASHEL-L4,8,2026-09-14T10:21:00
M0001305,HRS-RE-2609-09,ring_electrode_od_mm,2.5382,2.55,2.45,2.5,,CASHEL-L4,1,2026-09-14T10:24:00
M0001306,HRS-RE-2609-09,ring_electrode_od_mm,2.5542,2.55,2.45,2.5,RULE_1,CASHEL-L4,2,2026-09-14T10:27:00
M0001307,HRS-RE-2609-09,ring_electrode_od_mm,2.5368,2.55,2.45,2.5,RULE_2,CASHEL-L4,3,2026-09-14T10:30:00
M0001308,HRS-RE-2609-09,ring_electrode_od_mm,2.5449,2.55,2.45,2.5,,CASHEL-L4,4,2026-09-14T10:33:00
M0001309,HRS-RE-2609-09,ring_electrode_od_mm,2.5467,2.55,2.45,2.5,,CASHEL-L4,5,2026-09-14T10:36:00
M0001310,HRS-RE-2609-09,ring_electrode_od_mm,2.5498,2.55,2.45,2.5,,CASHEL-L4,6,2026-09-14T10:39:00
M0001311,HRS-RE-2609-09,ring_electrode_od_mm,2.5457,2.55,2.45,2.5,,CASHEL-L4,7,2026-09-14T10:42:00
M0001312,HRS-RE-2609-09,ring_electrode_od_mm,2.5356,2.55,2.45,2.5,,CASHEL-L4,8,2026-09-14T10:45:00
M0001313,HRS-RE-2609-09,ring_electrode_od_mm,2.553,2.55,2.45,2.5,RULE_1,CASHEL-L4,1,2026-09-14T10:48:00
M0001314,HRS-RE-2609-09,ring_electrode_od_mm,2.5515,2.55,2.45,2.5,RULE_1,CASHEL-L4,2,2026-09-14T10:51:00
M0001315,HRS-RE-2609-09,ring_electrode_od_mm,2.544,2.55,2.45,2.5,,CASHEL-L4,3,2026-09-14T10:54:00
M0001316,HRS-RE-2609-09,ring_electrode_od_mm,2.5536,2.55,2.45,2.5,RULE_1,CASHEL-L4,4,2026-09-14T10:57:00
M0001317,HRS-RE-2609-09,ring_electrode_od_mm,2.5441,2.55,2.45,2.5,,CASHEL-L4,5,2026-09-14T11:00:00
M0001318,HRS-RE-2609-09,ring_electrode_od_mm,2.5354,2.55,2.45,2.5,,CASHEL-L4,6,2026-09-14T11:03:00
M0001319,HRS-RE-2609-09,ring_electrode_od_mm,2.5412,2.55,2.45,2.5,,CASHEL-L4,7,2026-09-14T11:06:00
M0001320,HRS-RE-2609-09,ring_electrode_od_mm,2.5355,2.55,2.45,2.5,,CASHEL-L4,8,2026-09-14T11:09:00
M0001321,HRS-RE-2609-09,ring_electrode_od_mm,2.5439,2.55,2.45,2.5,,CASHEL-L4,1,2026-09-14T11:12:00
M0001322,HRS-RE-2609-09,ring_electrode_od_mm,2.5406,2.55,2.45,2.5,,CASHEL-L4,2,2026-09-14T11:15:00
M0001323,HRS-RE-2609-09,ring_electrode_od_mm,2.5441,2.55,2.45,2.5,,CASHEL-L4,3,2026-09-14T11:18:00
M0001324,HRS-RE-2609-09,ring_electrode_od_mm,2.5399,2.55,2.45,2.5,,CASHEL-L4,4,2026-09-14T11:21:00
M0001325,HRS-RE-2609-09,ring_electrode_od_mm,2.5353,2.55,2.45,2.5,RULE_2,CASHEL-L4,5,2026-09-14T11:24:00
M0001326,HRS-RE-2609-09,ring_electrode_od_mm,2.5362,2.55,2.45,2.5,,CASHEL-L4,6,2026-09-14T11:27:00
M0001327,HRS-RE-2609-09,ring_electrode_od_mm,2.5464,2.55,2.45,2.5,,CASHEL-L4,7,2026-09-14T11:30:00
M0001328,HRS-RE-2609-09,ring_electrode_od_mm,2.5439,2.55,2.45,2.5,,CASHEL-L4,8,2026-09-14T11:33:00
M0001329,HRS-RE-2609-09,ring_electrode_od_mm,2.5521,2.55,2.45,2.5,RULE_1,CASHEL-L4,1,2026-09-14T11:36:00
M0001330,HRS-RE-2609-09,ring_electrode_od_mm,2.552,2.55,2.45,2.5,RULE_1,CASHEL-L4,2,2026-09-14T11:39:00
M0001331,HRS-RE-2609-09,ring_electrode_od_mm,2.5469,2.55,2.45,2.5,,CASHEL-L4,3,2026-09-14T11:42:00
M0001332,HRS-RE-2609-09,ring_electrode_od_mm,2.5373,2.55,2.45,2.5,,CASHEL-L4,4,2026-09-14T11:45:00
M0001333,HRS-RE-2609-09,ring_electrode_od_mm,2.5523,2.55,2.45,2.5,RULE_1,CASHEL-L4,5,2026-09-14T11:48:00
M0001334,HRS-RE-2609-09,ring_electrode_od_mm,2.5467,2.55,2.45,2.5,RULE_2,CASHEL-L4,6,2026-09-14T11:51:00
M0001335,HRS-RE-2609-09,ring_electrode_od_mm,2.541,2.55,2.45,2.5,,CASHEL-L4,7,2026-09-14T11:54:00
M0001336,HRS-RE-2609-09,ring_electrode_od_mm,2.5411,2.55,2.45,2.5,,CASHEL-L4,8,2026-09-14T11:57:00
M0001337,HRS-RE-2609-09,ring_electrode_od_mm,2.5396,2.55,2.45,2.5,,CASHEL-L4,1,2026-09-14T12:00:00
M0001338,HRS-RE-2609-09,ring_electrode_od_mm,2.5356,2.55,2.45,2.5,,CASHEL-L4,2,2026-09-14T12:03:00
M0001339,HRS-RE-2609-09,ring_electrode_od_mm,2.5387,2.55,2.45,2.5,,CASHEL-L4,3,2026-09-14T12:06:00
M0001340,HRS-RE-2609-09,ring_electrode_od_mm,2.5478,2.55,2.45,2.5,,CASHEL-L4,4,2026-09-14T12:09:00
M0001341,HRS-RE-2609-09,ring_electrode_od_mm,2.5478,2.55,2.45,2.5,,CASHEL-L4,5,2026-09-14T12:12:00
M0001342,HRS-RE-2609-09,ring_electrode_od_mm,2.5502,2.55,2.45,2.5,RULE_1,CASHEL-L4,6,2026-09-14T12:15:00
M0001343,HRS-RE-2609-09,ring_electrode_od_mm,2.5376,2.55,2.45,2.5,RULE_2,CASHEL-L4,7,2026-09-14T12:18:00
M0001344,HRS-RE-2609-09,ring_electrode_od_mm,2.5447,2.55,2.45,2.5,,CASHEL-L4,8,2026-09-14T12:21:00
M0001345,HRS-RE-2609-09,ring_electrode_od_mm,2.5526,2.55,2.45,2.5,RULE_1,CASHEL-L4,1,2026-09-14T12:24:00
M0001346,HRS-RE-2609-09,ring_electrode_od_mm,2.5411,2.55,2.45,2.5,,CASHEL-L4,2,2026-09-14T12:27:00
M0001347,HRS-RE-2609-09,ring_electrode_od_mm,2.5531,2.55,2.45,2.5,RULE_1,CASHEL-L4,3,2026-09-14T12:30:00
M0001348,HRS-RE-2609-09,ring_electrode_od_mm,2.5426,2.55,2.45,2.5,,CASHEL-L4,4,2026-09-14T12:33:00
M0001349,HRS-RE-2609-09,ring_electrode_od_mm,2.549,2.55,2.45,2.5,,CASHEL-L4,5,2026-09-14T12:36:00
M0001350,HRS-RE-2609-09,ring_electrode_od_mm,2.5459,2.55,2.45,2.5,,CASHEL-L4,6,2026-09-14T12:39:00
M0001351,HRS-RE-2609-09,ring_electrode_od_mm,2.5356,2.55,2.45,2.5,,CASHEL-L4,7,2026-09-14T12:42:00
M0001352,HRS-RE-2609-09,ring_electrode_od_mm,2.5537,2.55,2.45,2.5,RULE_1,CASHEL-L4,8,2026-09-14T12:45:00
M0001353,HRS-RE-2609-09,ring_electrode_od_mm,2.539,2.55,2.45,2.5,,CASHEL-L4,1,2026-09-14T12:48:00
M0001354,HRS-RE-2609-09,ring_electrode_od_mm,2.5536,2.55,2.45,2.5,RULE_1,CASHEL-L4,2,2026-09-14T12:51:00
M0001355,HRS-RE-2609-09,ring_electrode_od_mm,2.5404,2.55,2.45,2.5,,CASHEL-L4,3,2026-09-14T12:54:00
M0001356,HRS-RE-2609-09,ring_electrode_od_mm,2.5368,2.55,2.45,2.5,,CASHEL-L4,4,2026-09-14T12:57:00
M0001357,HRS-RE-2609-09,ring_electrode_od_mm,2.55,2.55,2.45,2.5,,CASHEL-L4,5,2026-09-14T13:00:00
M0001358,HRS-RE-2609-09,ring_electrode_od_mm,2.5503,2.55,2.45,2.5,RULE_1,CASHEL-L4,6,2026-09-14T13:03:00
M0001359,HRS-RE-2609-09,ring_electrode_od_mm,2.553,2.55,2.45,2.5,RULE_1,CASHEL-L4,7,2026-09-14T13:06:00
M0001360,HRS-RE-2609-09,ring_electrode_od_mm,2.5475,2.55,2.45,2.5,,CASHEL-L4,8,2026-09-14T13:09:00
M0001361,HRS-RE-2609-09,ring_electrode_od_mm,2.5352,2.55,2.45,2.5,RULE_2,CASHEL-L4,1,2026-09-14T13:12:00
M0001362,HRS-RE-2609-09,ring_electrode_od_mm,2.5515,2.55,2.45,2.5,RULE_1,CASHEL-L4,2,2026-09-14T13:15:00
M0001363,HRS-RE-2609-09,ring_electrode_od_mm,2.5533,2.55,2.45,2.5,RULE_1,CASHEL-L4,3,2026-09-14T13:18:00
M0001364,HRS-RE-2609-09,ring_electrode_od_mm,2.5366,2.55,2.45,2.5,,CASHEL-L4,4,2026-09-14T13:21:00
M0001365,HRS-RE-2609-09,ring_electrode_od_mm,2.5539,2.55,2.45,2.5,RULE_1,CASHEL-L4,5,2026-09-14T13:24:00
M0001366,HRS-RE-2609-09,ring_electrode_od_mm,2.5359,2.55,2.45,2.5,,CASHEL-L4,6,2026-09-14T13:27:00
M0001367,HRS-RE-2609-09,ring_electrode_od_mm,2.5386,2.55,2.45,2.5,,CASHEL-L4,7,2026-09-14T13:30:00
M0001368,HRS-RE-2609-09,ring_electrode_od_mm,2.5474,2.55,2.45,2.5,,CASHEL-L4,8,2026-09-14T13:33:00
M0001369,HRS-RE-2609-09,ring_electrode_od_mm,2.5538,2.55,2.45,2.5,RULE_1,CASHEL-L4,1,2026-09-14T13:36:00
M0001370,HRS-RE-2609-09,ring_electrode_od_mm,2.5505,2.55,2.45,2.5,RULE_1,CASHEL-L4,2,2026-09-14T13:39:00
M0001371,HRS-RE-2609-09,ring_electrode_od_mm,2.5545,2.55,2.45,2.5,RULE_1,CASHEL-L4,3,2026-09-14T13:42:00
M0001372,HRS-RE-2609-10,ring_electrode_od_mm,2.5392,2.55,2.45,2.5,RULE_2,CASHEL-L4,1,2026-09-15T06:00:00
M0001373,HRS-RE-2609-10,ring_electrode_od_mm,2.5435,2.55,2.45,2.5,,CASHEL-L4,2,2026-09-15T06:03:00
M0001374,HRS-RE-2609-10,ring_electrode_od_mm,2.541,2.55,2.45,2.5,,CASHEL-L4,3,2026-09-15T06:06:00
M0001375,HRS-RE-2609-10,ring_electrode_od_mm,2.5403,2.55,2.45,2.5,,CASHEL-L4,4,2026-09-15T06:09:00
M0001376,HRS-RE-2609-10,ring_electrode_od_mm,2.5437,2.55,2.45,2.5,,CASHEL-L4,5,2026-09-15T06:12:00
M0001377,HRS-RE-2609-10,ring_electrode_od_mm,2.5415,2.55,2.45,2.5,,CASHEL-L4,6,2026-09-15T06:15:00
M0001378,HRS-RE-2609-10,ring_electrode_od_mm,2.5429,2.55,2.45,2.5,,CASHEL-L4,7,2026-09-15T06:18:00
M0001379,HRS-RE-2609-10,ring_electrode_od_mm,2.5578,2.55,2.45,2.5,RULE_1,CASHEL-L4,8,2026-09-15T06:21:00
M0001380,HRS-RE-2609-10,ring_electrode_od_mm,2.553,2.55,2.45,2.5,RULE_1,CASHEL-L4,1,2026-09-15T06:24:00
M0001381,HRS-RE-2609-10,ring_electrode_od_mm,2.5416,2.55,2.45,2.5,RULE_2,CASHEL-L4,2,2026-09-15T06:27:00
M0001382,HRS-RE-2609-10,ring_electrode_od_mm,2.5556,2.55,2.45,2.5,RULE_1,CASHEL-L4,3,2026-09-15T06:30:00
M0001383,HRS-RE-2609-10,ring_electrode_od_mm,2.5577,2.55,2.45,2.5,RULE_1,CASHEL-L4,4,2026-09-15T06:33:00
M0001384,HRS-RE-2609-10,ring_electrode_od_mm,2.5439,2.55,2.45,2.5,,CASHEL-L4,5,2026-09-15T06:36:00
M0001385,HRS-RE-2609-10,ring_electrode_od_mm,2.5404,2.55,2.45,2.5,,CASHEL-L4,6,2026-09-15T06:39:00
M0001386,HRS-RE-2609-10,ring_electrode_od_mm,2.5412,2.55,2.45,2.5,,CASHEL-L4,7,2026-09-15T06:42:00
M0001387,HRS-RE-2609-10,ring_electrode_od_mm,2.5434,2.55,2.45,2.5,,CASHEL-L4,8,2026-09-15T06:45:00
M0001388,HRS-RE-2609-10,ring_electrode_od_mm,2.5532,2.55,2.45,2.5,RULE_1,CASHEL-L4,1,2026-09-15T06:48:00
M0001389,HRS-RE-2609-10,ring_electrode_od_mm,2.558,2.55,2.45,2.5,RULE_1,CASHEL-L4,2,2026-09-15T06:51:00
M0001390,HRS-RE-2609-10,ring_electrode_od_mm,2.5403,2.55,2.45,2.5,RULE_2,CASHEL-L4,3,2026-09-15T06:54:00
M0001391,HRS-RE-2609-10,ring_electrode_od_mm,2.549,2.55,2.45,2.5,,CASHEL-L4,4,2026-09-15T06:57:00
M0001392,HRS-RE-2609-10,ring_electrode_od_mm,2.5559,2.55,2.45,2.5,RULE_1,CASHEL-L4,5,2026-09-15T07:00:00
M0001393,HRS-RE-2609-10,ring_electrode_od_mm,2.5441,2.55,2.45,2.5,,CASHEL-L4,6,2026-09-15T07:03:00
M0001394,HRS-RE-2609-10,ring_electrode_od_mm,2.5397,2.55,2.45,2.5,,CASHEL-L4,7,2026-09-15T07:06:00
M0001395,HRS-RE-2609-10,ring_electrode_od_mm,2.545,2.55,2.45,2.5,,CASHEL-L4,8,2026-09-15T07:09:00
M0001396,HRS-RE-2609-10,ring_electrode_od_mm,2.5422,2.55,2.45,2.5,,CASHEL-L4,1,2026-09-15T07:12:00
M0001397,HRS-RE-2609-10,ring_electrode_od_mm,2.5476,2.55,2.45,2.5,,CASHEL-L4,2,2026-09-15T07:15:00
M0001398,HRS-RE-2609-10,ring_electrode_od_mm,2.5528,2.55,2.45,2.5,RULE_1,CASHEL-L4,3,2026-09-15T07:18:00
M0001399,HRS-RE-2609-10,ring_electrode_od_mm,2.5449,2.55,2.45,2.5,RULE_2,CASHEL-L4,4,2026-09-15T07:21:00
M0001400,HRS-RE-2609-10,ring_electrode_od_mm,2.5416,2.55,2.45,2.5,,CASHEL-L4,5,2026-09-15T07:24:00
M0001401,HRS-RE-2609-10,ring_electrode_od_mm,2.5556,2.55,2.45,2.5,RULE_1,CASHEL-L4,6,2026-09-15T07:27:00
M0001402,HRS-RE-2609-10,ring_electrode_od_mm,2.5569,2.55,2.45,2.5,RULE_1,CASHEL-L4,7,2026-09-15T07:30:00
M0001403,HRS-RE-2609-10,ring_electrode_od_mm,2.5395,2.55,2.45,2.5,,CASHEL-L4,8,2026-09-15T07:33:00
M0001404,HRS-RE-2609-10,ring_electrode_od_mm,2.5559,2.55,2.45,2.5,RULE_1,CASHEL-L4,1,2026-09-15T07:36:00
M0001405,HRS-RE-2609-10,ring_electrode_od_mm,2.5487,2.55,2.45,2.5,,CASHEL-L4,2,2026-09-15T07:39:00
M0001406,HRS-RE-2609-10,ring_electrode_od_mm,2.5396,2.55,2.45,2.5,,CASHEL-L4,3,2026-09-15T07:42:00
M0001407,HRS-RE-2609-10,ring_electrode_od_mm,2.5432,2.55,2.45,2.5,,CASHEL-L4,4,2026-09-15T07:45:00
M0001408,HRS-RE-2609-10,ring_electrode_od_mm,2.5447,2.55,2.45,2.5,RULE_2,CASHEL-L4,5,2026-09-15T07:48:00
M0001409,HRS-RE-2609-10,ring_electrode_od_mm,2.5565,2.55,2.45,2.5,RULE_1,CASHEL-L4,6,2026-09-15T07:51:00
M0001410,HRS-RE-2609-10,ring_electrode_od_mm,2.5513,2.55,2.45,2.5,RULE_1,CASHEL-L4,7,2026-09-15T07:54:00
M0001411,HRS-RE-2609-10,ring_electrode_od_mm,2.5439,2.55,2.45,2.5,,CASHEL-L4,8,2026-09-15T07:57:00
M0001412,HRS-RE-2609-10,ring_electrode_od_mm,2.5394,2.55,2.45,2.5,,CASHEL-L4,1,2026-09-15T08:00:00
M0001413,HRS-RE-2609-10,ring_electrode_od_mm,2.5458,2.55,2.45,2.5,,CASHEL-L4,2,2026-09-15T08:03:00
M0001414,HRS-RE-2609-10,ring_electrode_od_mm,2.5392,2.55,2.45,2.5,,CASHEL-L4,3,2026-09-15T08:06:00
M0001415,HRS-RE-2609-10,ring_electrode_od_mm,2.5578,2.55,2.45,2.5,RULE_1,CASHEL-L4,4,2026-09-15T08:09:00
M0001416,HRS-RE-2609-10,ring_electrode_od_mm,2.5429,2.55,2.45,2.5,,CASHEL-L4,5,2026-09-15T08:12:00
M0001417,HRS-RE-2609-10,ring_electrode_od_mm,2.5535,2.55,2.45,2.5,RULE_1,CASHEL-L4,6,2026-09-15T08:15:00
M0001418,HRS-RE-2609-10,ring_electrode_od_mm,2.5424,2.55,2.45,2.5,,CASHEL-L4,7,2026-09-15T08:18:00
M0001419,HRS-RE-2609-10,ring_electrode_od_mm,2.5584,2.55,2.45,2.5,RULE_1,CASHEL-L4,8,2026-09-15T08:21:00
M0001420,HRS-RE-2609-10,ring_electrode_od_mm,2.5519,2.55,2.45,2.5,RULE_1,CASHEL-L4,1,2026-09-15T08:24:00
M0001421,HRS-RE-2609-10,ring_electrode_od_mm,2.5438,2.55,2.45,2.5,,CASHEL-L4,2,2026-09-15T08:27:00
M0001422,HRS-RE-2609-10,ring_electrode_od_mm,2.5536,2.55,2.45,2.5,RULE_1,CASHEL-L4,3,2026-09-15T08:30:00
M0001423,HRS-RE-2609-10,ring_electrode_od_mm,2.5579,2.55,2.45,2.5,RULE_1,CASHEL-L4,4,2026-09-15T08:33:00
M0001424,HRS-RE-2609-10,ring_electrode_od_mm,2.5581,2.55,2.45,2.5,RULE_1,CASHEL-L4,5,2026-09-15T08:36:00
M0001425,HRS-RE-2609-10,ring_electrode_od_mm,2.5546,2.55,2.45,2.5,RULE_1,CASHEL-L4,6,2026-09-15T08:39:00
M0001426,HRS-RE-2609-10,ring_electrode_od_mm,2.5575,2.55,2.45,2.5,RULE_1,CASHEL-L4,7,2026-09-15T08:42:00
M0001427,HRS-RE-2609-10,ring_electrode_od_mm,2.5397,2.55,2.45,2.5,,CASHEL-L4,8,2026-09-15T08:45:00
M0001428,HRS-RE-2609-10,ring_electrode_od_mm,2.5583,2.55,2.45,2.5,RULE_1,CASHEL-L4,1,2026-09-15T08:48:00
M0001429,HRS-RE-2609-10,ring_electrode_od_mm,2.5418,2.55,2.45,2.5,,CASHEL-L4,2,2026-09-15T08:51:00
M0001430,HRS-RE-2609-10,ring_electrode_od_mm,2.5588,2.55,2.45,2.5,RULE_1,CASHEL-L4,3,2026-09-15T08:54:00
M0001431,HRS-RE-2609-10,ring_electrode_od_mm,2.5494,2.55,2.45,2.5,,CASHEL-L4,4,2026-09-15T08:57:00
M0001432,HRS-RE-2609-10,ring_electrode_od_mm,2.5581,2.55,2.45,2.5,RULE_1,CASHEL-L4,5,2026-09-15T09:00:00
M0001433,HRS-RE-2609-10,ring_electrode_od_mm,2.5438,2.55,2.45,2.5,,CASHEL-L4,6,2026-09-15T09:03:00
M0001434,HRS-RE-2609-10,ring_electrode_od_mm,2.5461,2.55,2.45,2.5,,CASHEL-L4,7,2026-09-15T09:06:00
M0001435,HRS-RE-2609-10,ring_electrode_od_mm,2.5464,2.55,2.45,2.5,RULE_2,CASHEL-L4,8,2026-09-15T09:09:00
M0001436,HRS-RE-2609-10,ring_electrode_od_mm,2.5485,2.55,2.45,2.5,,CASHEL-L4,1,2026-09-15T09:12:00
M0001437,HRS-RE-2609-10,ring_electrode_od_mm,2.5438,2.55,2.45,2.5,,CASHEL-L4,2,2026-09-15T09:15:00
M0001438,HRS-RE-2609-10,ring_electrode_od_mm,2.5548,2.55,2.45,2.5,RULE_1,CASHEL-L4,3,2026-09-15T09:18:00
M0001439,HRS-RE-2609-10,ring_electrode_od_mm,2.5422,2.55,2.45,2.5,,CASHEL-L4,4,2026-09-15T09:21:00
M0001440,HRS-RE-2609-10,ring_electrode_od_mm,2.5513,2.55,2.45,2.5,RULE_1,CASHEL-L4,5,2026-09-15T09:24:00
M0001441,HRS-RE-2609-10,ring_electrode_od_mm,2.5434,2.55,2.45,2.5,,CASHEL-L4,6,2026-09-15T09:27:00
M0001442,HRS-RE-2609-10,ring_electrode_od_mm,2.5459,2.55,2.45,2.5,,CASHEL-L4,7,2026-09-15T09:30:00
M0001443,HRS-RE-2609-10,ring_electrode_od_mm,2.5459,2.55,2.45,2.5,,CASHEL-L4,8,2026-09-15T09:33:00
M0001444,HRS-RE-2609-10,ring_electrode_od_mm,2.5429,2.55,2.45,2.5,RULE_2,CASHEL-L4,1,2026-09-15T09:36:00
M0001445,HRS-RE-2609-10,ring_electrode_od_mm,2.5447,2.55,2.45,2.5,,CASHEL-L4,2,2026-09-15T09:39:00
M0001446,HRS-RE-2609-10,ring_electrode_od_mm,2.5563,2.55,2.45,2.5,RULE_1,CASHEL-L4,3,2026-09-15T09:42:00
M0001447,HRS-RE-2609-10,ring_electrode_od_mm,2.5582,2.55,2.45,2.5,RULE_1,CASHEL-L4,4,2026-09-15T09:45:00
M0001448,HRS-RE-2609-10,ring_electrode_od_mm,2.5479,2.55,2.45,2.5,,CASHEL-L4,5,2026-09-15T09:48:00
M0001449,HRS-RE-2609-10,ring_electrode_od_mm,2.5471,2.55,2.45,2.5,,CASHEL-L4,6,2026-09-15T09:51:00
M0001450,HRS-RE-2609-10,ring_electrode_od_mm,2.5421,2.55,2.45,2.5,,CASHEL-L4,7,2026-09-15T09:54:00
M0001451,HRS-RE-2609-10,ring_electrode_od_mm,2.5552,2.55,2.45,2.5,RULE_1,CASHEL-L4,8,2026-09-15T09:57:00
M0001452,HRS-RE-2609-10,ring_electrode_od_mm,2.5534,2.55,2.45,2.5,RULE_1,CASHEL-L4,1,2026-09-15T10:00:00
M0001453,HRS-RE-2609-10,ring_electrode_od_mm,2.5496,2.55,2.45,2.5,RULE_2,CASHEL-L4,2,2026-09-15T10:03:00
M0001454,HRS-RE-2609-10,ring_electrode_od_mm,2.5406,2.55,2.45,2.5,,CASHEL-L4,3,2026-09-15T10:06:00
M0001455,HRS-RE-2609-10,ring_electrode_od_mm,2.5557,2.55,2.45,2.5,RULE_1,CASHEL-L4,4,2026-09-15T10:09:00
M0001456,HRS-RE-2609-10,ring_electrode_od_mm,2.5474,2.55,2.45,2.5,,CASHEL-L4,5,2026-09-15T10:12:00
M0001457,HRS-RE-2609-10,ring_electrode_od_mm,2.5392,2.55,2.45,2.5,,CASHEL-L4,6,2026-09-15T10:15:00
M0001458,HRS-RE-2609-10,ring_electrode_od_mm,2.5495,2.55,2.45,2.5,,CASHEL-L4,7,2026-09-15T10:18:00
M0001459,HRS-RE-2609-10,ring_electrode_od_mm,2.5452,2.55,2.45,2.5,,CASHEL-L4,8,2026-09-15T10:21:00
M0001460,HRS-RE-2609-10,ring_electrode_od_mm,2.5513,2.55,2.45,2.5,RULE_1,CASHEL-L4,1,2026-09-15T10:24:00
M0001461,HRS-RE-2609-10,ring_electrode_od_mm,2.5545,2.55,2.45,2.5,RULE_1,CASHEL-L4,2,2026-09-15T10:27:00
M0001462,HRS-RE-2609-10,ring_electrode_od_mm,2.5539,2.55,2.45,2.5,RULE_1,CASHEL-L4,3,2026-09-15T10:30:00
M0001463,HRS-RE-2609-10,ring_electrode_od_mm,2.5419,2.55,2.45,2.5,,CASHEL-L4,4,2026-09-15T10:33:00
M0001464,HRS-RE-2609-10,ring_electrode_od_mm,2.5431,2.55,2.45,2.5,,CASHEL-L4,5,2026-09-15T10:36:00
M0001465,HRS-RE-2609-10,ring_electrode_od_mm,2.5441,2.55,2.45,2.5,,CASHEL-L4,6,2026-09-15T10:39:00
M0001466,HRS-RE-2609-10,ring_electrode_od_mm,2.5508,2.55,2.45,2.5,RULE_1,CASHEL-L4,7,2026-09-15T10:42:00
M0001467,HRS-RE-2609-10,ring_electrode_od_mm,2.5399,2.55,2.45,2.5,,CASHEL-L4,8,2026-09-15T10:45:00
M0001468,HRS-RE-2609-10,ring_electrode_od_mm,2.5572,2.55,2.45,2.5,RULE_1,CASHEL-L4,1,2026-09-15T10:48:00
M0001469,HRS-RE-2609-10,ring_electrode_od_mm,2.5491,2.55,2.45,2.5,,CASHEL-L4,2,2026-09-15T10:51:00
M0001470,HRS-RE-2609-10,ring_electrode_od_mm,2.5509,2.55,2.45,2.5,RULE_1,CASHEL-L4,3,2026-09-15T10:54:00
M0001471,HRS-RE-2609-10,ring_electrode_od_mm,2.5564,2.55,2.45,2.5,RULE_1,CASHEL-L4,4,2026-09-15T10:57:00
M0001472,HRS-RE-2609-10,ring_electrode_od_mm,2.5413,2.55,2.45,2.5,,CASHEL-L4,5,2026-09-15T11:00:00
M0001473,HRS-RE-2609-10,ring_electrode_od_mm,2.5392,2.55,2.45,2.5,,CASHEL-L4,6,2026-09-15T11:03:00
M0001474,HRS-RE-2609-10,ring_electrode_od_mm,2.5541,2.55,2.45,2.5,RULE_1,CASHEL-L4,7,2026-09-15T11:06:00
M0001475,HRS-RE-2609-10,ring_electrode_od_mm,2.5529,2.55,2.45,2.5,RULE_1,CASHEL-L4,8,2026-09-15T11:09:00
M0001476,HRS-RE-2609-10,ring_electrode_od_mm,2.5415,2.55,2.45,2.5,,CASHEL-L4,1,2026-09-15T11:12:00
M0001477,HRS-RE-2609-10,ring_electrode_od_mm,2.543,2.55,2.45,2.5,,CASHEL-L4,2,2026-09-15T11:15:00
M0001478,HRS-RE-2609-10,ring_electrode_od_mm,2.5491,2.55,2.45,2.5,,CASHEL-L4,3,2026-09-15T11:18:00
M0001479,HRS-RE-2609-10,ring_electrode_od_mm,2.5542,2.55,2.45,2.5,RULE_1,CASHEL-L4,4,2026-09-15T11:21:00
M0001480,HRS-RE-2609-10,ring_electrode_od_mm,2.5528,2.55,2.45,2.5,RULE_1,CASHEL-L4,5,2026-09-15T11:24:00
M0001481,HRS-RE-2609-10,ring_electrode_od_mm,2.5463,2.55,2.45,2.5,,CASHEL-L4,6,2026-09-15T11:27:00
M0001482,HRS-RE-2609-10,ring_electrode_od_mm,2.5392,2.55,2.45,2.5,,CASHEL-L4,7,2026-09-15T11:30:00
M0001483,HRS-RE-2609-10,ring_electrode_od_mm,2.5576,2.55,2.45,2.5,RULE_1,CASHEL-L4,8,2026-09-15T11:33:00
M0001484,HRS-RE-2609-10,ring_electrode_od_mm,2.5441,2.55,2.45,2.5,,CASHEL-L4,1,2026-09-15T11:36:00
M0001485,HRS-RE-2609-10,ring_electrode_od_mm,2.5461,2.55,2.45,2.5,,CASHEL-L4,2,2026-09-15T11:39:00
M0001486,HRS-RE-2609-10,ring_electrode_od_mm,2.5431,2.55,2.45,2.5,,CASHEL-L4,3,2026-09-15T11:42:00
M0001487,HRS-RE-2609-10,ring_electrode_od_mm,2.5492,2.55,2.45,2.5,,CASHEL-L4,4,2026-09-15T11:45:00
M0001488,HRS-RE-2609-10,ring_electrode_od_mm,2.5537,2.55,2.45,2.5,RULE_1,CASHEL-L4,5,2026-09-15T11:48:00
M0001489,HRS-RE-2609-10,ring_electrode_od_mm,2.5442,2.55,2.45,2.5,RULE_2,CASHEL-L4,6,2026-09-15T11:51:00
M0001490,HRS-RE-2609-10,ring_electrode_od_mm,2.5523,2.55,2.45,2.5,RULE_1,CASHEL-L4,7,2026-09-15T11:54:00
M0001491,HRS-RE-2609-10,ring_electrode_od_mm,2.5425,2.55,2.45,2.5,,CASHEL-L4,8,2026-09-15T11:57:00
M0001492,HRS-RE-2609-10,ring_electrode_od_mm,2.5577,2.55,2.45,2.5,RULE_1,CASHEL-L4,1,2026-09-15T12:00:00
M0001493,HRS-RE-2609-10,ring_electrode_od_mm,2.5393,2.55,2.45,2.5,,CASHEL-L4,2,2026-09-15T12:03:00
M0001494,HRS-RE-2609-10,ring_electrode_od_mm,2.5438,2.55,2.45,2.5,,CASHEL-L4,3,2026-09-15T12:06:00
M0001495,HRS-RE-2609-10,ring_electrode_od_mm,2.5506,2.55,2.45,2.5,RULE_1,CASHEL-L4,4,2026-09-15T12:09:00
M0001496,HRS-RE-2609-10,ring_electrode_od_mm,2.5423,2.55,2.45,2.5,,CASHEL-L4,5,2026-09-15T12:12:00
M0001497,HRS-RE-2609-10,ring_electrode_od_mm,2.5497,2.55,2.45,2.5,,CASHEL-L4,6,2026-09-15T12:15:00
M0001498,HRS-RE-2609-10,ring_electrode_od_mm,2.5533,2.55,2.45,2.5,RULE_1,CASHEL-L4,7,2026-09-15T12:18:00
M0001499,HRS-RE-2609-10,ring_electrode_od_mm,2.5468,2.55,2.45,2.5,,CASHEL-L4,8,2026-09-15T12:21:00
M0001500,HRS-RE-2609-10,ring_electrode_od_mm,2.5414,2.55,2.45,2.5,,CASHEL-L4,1,2026-09-15T12:24:00
M0001501,HRS-RE-2609-10,ring_electrode_od_mm,2.5525,2.55,2.45,2.5,RULE_1,CASHEL-L4,2,2026-09-15T12:27:00
M0001502,HRS-RE-2609-10,ring_electrode_od_mm,2.5452,2.55,2.45,2.5,,CASHEL-L4,3,2026-09-15T12:30:00
M0001503,HRS-RE-2609-10,ring_electrode_od_mm,2.5564,2.55,2.45,2.5,RULE_1,CASHEL-L4,4,2026-09-15T12:33:00
M0001504,HRS-RE-2609-10,ring_electrode_od_mm,2.5579,2.55,2.45,2.5,RULE_1,CASHEL-L4,5,2026-09-15T12:36:00
M0001505,HRS-RE-2609-10,ring_electrode_od_mm,2.548,2.55,2.45,2.5,,CASHEL-L4,6,2026-09-15T12:39:00
M0001506,HRS-RE-2609-10,ring_electrode_od_mm,2.5434,2.55,2.45,2.5,,CASHEL-L4,7,2026-09-15T12:42:00
M0001507,HRS-RE-2609-10,ring_electrode_od_mm,2.5568,2.55,2.45,2.5,RULE_1,CASHEL-L4,8,2026-09-15T12:45:00
M0001508,HRS-RE-2609-10,ring_electrode_od_mm,2.5393,2.55,2.45,2.5,,CASHEL-L4,1,2026-09-15T12:48:00
M0001509,HRS-RE-2609-10,ring_electrode_od_mm,2.5414,2.55,2.45,2.5,,CASHEL-L4,2,2026-09-15T12:51:00
M0001510,HRS-RE-2609-10,ring_electrode_od_mm,2.5456,2.55,2.45,2.5,,CASHEL-L4,3,2026-09-15T12:54:00
M0001511,HRS-RE-2609-10,ring_electrode_od_mm,2.5511,2.55,2.45,2.5,RULE_1,CASHEL-L4,4,2026-09-15T12:57:00
M0001512,HRS-RE-2609-10,ring_electrode_od_mm,2.5412,2.55,2.45,2.5,,CASHEL-L4,5,2026-09-15T13:00:00
M0001513,HRS-RE-2609-10,ring_electrode_od_mm,2.5561,2.55,2.45,2.5,RULE_1,CASHEL-L4,6,2026-09-15T13:03:00
M0001514,HRS-RE-2609-10,ring_electrode_od_mm,2.5411,2.55,2.45,2.5,,CASHEL-L4,7,2026-09-15T13:06:00
M0001515,HRS-RE-2609-10,ring_electrode_od_mm,2.5418,2.55,2.45,2.5,,CASHEL-L4,8,2026-09-15T13:09:00
M0001516,HRS-RE-2609-10,ring_electrode_od_mm,2.5475,2.55,2.45,2.5,RULE_2,CASHEL-L4,1,2026-09-15T13:12:00
M0001517,HRS-RE-2609-10,ring_electrode_od_mm,2.5583,2.55,2.45,2.5,RULE_1,CASHEL-L4,2,2026-09-15T13:15:00
M0001518,HRS-RE-2609-11,ring_electrode_od_mm,2.5491,2.55,2.45,2.5,RULE_2,CASHEL-L4,1,2026-09-16T06:00:00
M0001519,HRS-RE-2609-11,ring_electrode_od_mm,2.548,2.55,2.45,2.5,,CASHEL-L4,2,2026-09-16T06:03:00
M0001520,HRS-RE-2609-11,ring_electrode_od_mm,2.5498,2.55,2.45,2.5,,CASHEL-L4,3,2026-09-16T06:06:00
M0001521,HRS-RE-2609-11,ring_electrode_od_mm,2.558,2.55,2.45,2.5,RULE_1,CASHEL-L4,4,2026-09-16T06:09:00
M0001522,HRS-RE-2609-11,ring_electrode_od_mm,2.5479,2.55,2.45,2.5,,CASHEL-L4,5,2026-09-16T06:12:00
M0001523,HRS-RE-2609-11,ring_electrode_od_mm,2.5564,2.55,2.45,2.5,RULE_1,CASHEL-L4,6,2026-09-16T06:15:00
M0001524,HRS-RE-2609-11,ring_electrode_od_mm,2.5505,2.55,2.45,2.5,RULE_1,CASHEL-L4,7,2026-09-16T06:18:00
M0001525,HRS-RE-2609-11,ring_electrode_od_mm,2.5616,2.55,2.45,2.5,RULE_1,CASHEL-L4,8,2026-09-16T06:21:00
M0001526,HRS-RE-2609-11,ring_electrode_od_mm,2.5559,2.55,2.45,2.5,RULE_1,CASHEL-L4,1,2026-09-16T06:24:00
M0001527,HRS-RE-2609-11,ring_electrode_od_mm,2.5519,2.55,2.45,2.5,RULE_1,CASHEL-L4,2,2026-09-16T06:27:00
M0001528,HRS-RE-2609-11,ring_electrode_od_mm,2.5483,2.55,2.45,2.5,,CASHEL-L4,3,2026-09-16T06:30:00
M0001529,HRS-RE-2609-11,ring_electrode_od_mm,2.5628,2.55,2.45,2.5,RULE_1,CASHEL-L4,4,2026-09-16T06:33:00
M0001530,HRS-RE-2609-11,ring_electrode_od_mm,2.5546,2.55,2.45,2.5,RULE_1,CASHEL-L4,5,2026-09-16T06:36:00
M0001531,HRS-RE-2609-11,ring_electrode_od_mm,2.5616,2.55,2.45,2.5,RULE_1,CASHEL-L4,6,2026-09-16T06:39:00
M0001532,HRS-RE-2609-11,ring_electrode_od_mm,2.5598,2.55,2.45,2.5,RULE_1,CASHEL-L4,7,2026-09-16T06:42:00
M0001533,HRS-RE-2609-11,ring_electrode_od_mm,2.5622,2.55,2.45,2.5,RULE_1,CASHEL-L4,8,2026-09-16T06:45:00
M0001534,HRS-RE-2609-11,ring_electrode_od_mm,2.5459,2.55,2.45,2.5,,CASHEL-L4,1,2026-09-16T06:48:00
M0001535,HRS-RE-2609-11,ring_electrode_od_mm,2.5444,2.55,2.45,2.5,,CASHEL-L4,2,2026-09-16T06:51:00
M0001536,HRS-RE-2609-11,ring_electrode_od_mm,2.554,2.55,2.45,2.5,RULE_1,CASHEL-L4,3,2026-09-16T06:54:00
M0001537,HRS-RE-2609-11,ring_electrode_od_mm,2.5496,2.55,2.45,2.5,,CASHEL-L4,4,2026-09-16T06:57:00
M0001538,HRS-RE-2609-11,ring_electrode_od_mm,2.5518,2.55,2.45,2.5,RULE_1,CASHEL-L4,5,2026-09-16T07:00:00
M0001539,HRS-RE-2609-11,ring_electrode_od_mm,2.5585,2.55,2.45,2.5,RULE_1,CASHEL-L4,6,2026-09-16T07:03:00
M0001540,HRS-RE-2609-11,ring_electrode_od_mm,2.5463,2.55,2.45,2.5,,CASHEL-L4,7,2026-09-16T07:06:00
M0001541,HRS-RE-2609-11,ring_electrode_od_mm,2.5624,2.55,2.45,2.5,RULE_1,CASHEL-L4,8,2026-09-16T07:09:00
M0001542,HRS-RE-2609-11,ring_electrode_od_mm,2.5592,2.55,2.45,2.5,RULE_1,CASHEL-L4,1,2026-09-16T07:12:00
M0001543,HRS-RE-2609-11,ring_electrode_od_mm,2.5597,2.55,2.45,2.5,RULE_1,CASHEL-L4,2,2026-09-16T07:15:00
M0001544,HRS-RE-2609-11,ring_electrode_od_mm,2.5602,2.55,2.45,2.5,RULE_1,CASHEL-L4,3,2026-09-16T07:18:00
M0001545,HRS-RE-2609-11,ring_electrode_od_mm,2.5473,2.55,2.45,2.5,RULE_2,CASHEL-L4,4,2026-09-16T07:21:00
M0001546,HRS-RE-2609-11,ring_electrode_od_mm,2.5454,2.55,2.45,2.5,,CASHEL-L4,5,2026-09-16T07:24:00
M0001547,HRS-RE-2609-11,ring_electrode_od_mm,2.5611,2.55,2.45,2.5,RULE_1,CASHEL-L4,6,2026-09-16T07:27:00
M0001548,HRS-RE-2609-11,ring_electrode_od_mm,2.5604,2.55,2.45,2.5,RULE_1,CASHEL-L4,7,2026-09-16T07:30:00
M0001549,HRS-RE-2609-11,ring_electrode_od_mm,2.5567,2.55,2.45,2.5,RULE_1,CASHEL-L4,8,2026-09-16T07:33:00
M0001550,HRS-RE-2609-11,ring_electrode_od_mm,2.5509,2.55,2.45,2.5,RULE_1,CASHEL-L4,1,2026-09-16T07:36:00
M0001551,HRS-RE-2609-11,ring_electrode_od_mm,2.5443,2.55,2.45,2.5,,CASHEL-L4,2,2026-09-16T07:39:00
M0001552,HRS-RE-2609-11,ring_electrode_od_mm,2.5513,2.55,2.45,2.5,RULE_1,CASHEL-L4,3,2026-09-16T07:42:00
M0001553,HRS-RE-2609-11,ring_electrode_od_mm,2.5572,2.55,2.45,2.5,RULE_1,CASHEL-L4,4,2026-09-16T07:45:00
M0001554,HRS-RE-2609-11,ring_electrode_od_mm,2.5601,2.55,2.45,2.5,RULE_1,CASHEL-L4,5,2026-09-16T07:48:00
M0001555,HRS-RE-2609-11,ring_electrode_od_mm,2.5629,2.55,2.45,2.5,RULE_1,CASHEL-L4,6,2026-09-16T07:51:00
M0001556,HRS-RE-2609-11,ring_electrode_od_mm,2.551,2.55,2.45,2.5,RULE_1,CASHEL-L4,7,2026-09-16T07:54:00
M0001557,HRS-RE-2609-11,ring_electrode_od_mm,2.5524,2.55,2.45,2.5,RULE_1,CASHEL-L4,8,2026-09-16T07:57:00
M0001558,HRS-RE-2609-11,ring_electrode_od_mm,2.5561,2.55,2.45,2.5,RULE_1,CASHEL-L4,1,2026-09-16T08:00:00
M0001559,HRS-RE-2609-11,ring_electrode_od_mm,2.5562,2.55,2.45,2.5,RULE_1,CASHEL-L4,2,2026-09-16T08:03:00
M0001560,HRS-RE-2609-11,ring_electrode_od_mm,2.5616,2.55,2.45,2.5,RULE_1,CASHEL-L4,3,2026-09-16T08:06:00
M0001561,HRS-RE-2609-11,ring_electrode_od_mm,2.5566,2.55,2.45,2.5,RULE_1,CASHEL-L4,4,2026-09-16T08:09:00
M0001562,HRS-RE-2609-11,ring_electrode_od_mm,2.5612,2.55,2.45,2.5,RULE_1,CASHEL-L4,5,2026-09-16T08:12:00
M0001563,HRS-RE-2609-11,ring_electrode_od_mm,2.5564,2.55,2.45,2.5,RULE_1,CASHEL-L4,6,2026-09-16T08:15:00
M0001564,HRS-RE-2609-11,ring_electrode_od_mm,2.5586,2.55,2.45,2.5,RULE_1,CASHEL-L4,7,2026-09-16T08:18:00
M0001565,HRS-RE-2609-11,ring_electrode_od_mm,2.5435,2.55,2.45,2.5,,CASHEL-L4,8,2026-09-16T08:21:00
M0001566,HRS-RE-2609-11,ring_electrode_od_mm,2.5612,2.55,2.45,2.5,RULE_1,CASHEL-L4,1,2026-09-16T08:24:00
M0001567,HRS-RE-2609-11,ring_electrode_od_mm,2.5436,2.55,2.45,2.5,,CASHEL-L4,2,2026-09-16T08:27:00
M0001568,HRS-RE-2609-11,ring_electrode_od_mm,2.5591,2.55,2.45,2.5,RULE_1,CASHEL-L4,3,2026-09-16T08:30:00
M0001569,HRS-RE-2609-11,ring_electrode_od_mm,2.5573,2.55,2.45,2.5,RULE_1,CASHEL-L4,4,2026-09-16T08:33:00
M0001570,HRS-RE-2609-11,ring_electrode_od_mm,2.552,2.55,2.45,2.5,RULE_1,CASHEL-L4,5,2026-09-16T08:36:00
M0001571,HRS-RE-2609-11,ring_electrode_od_mm,2.5459,2.55,2.45,2.5,,CASHEL-L4,6,2026-09-16T08:39:00
M0001572,HRS-RE-2609-11,ring_electrode_od_mm,2.554,2.55,2.45,2.5,RULE_1,CASHEL-L4,7,2026-09-16T08:42:00
M0001573,HRS-RE-2609-11,ring_electrode_od_mm,2.5618,2.55,2.45,2.5,RULE_1,CASHEL-L4,8,2026-09-16T08:45:00
M0001574,HRS-RE-2609-11,ring_electrode_od_mm,2.5565,2.55,2.45,2.5,RULE_1,CASHEL-L4,1,2026-09-16T08:48:00
M0001575,HRS-RE-2609-11,ring_electrode_od_mm,2.5442,2.55,2.45,2.5,,CASHEL-L4,2,2026-09-16T08:51:00
M0001576,HRS-RE-2609-11,ring_electrode_od_mm,2.5545,2.55,2.45,2.5,RULE_1,CASHEL-L4,3,2026-09-16T08:54:00
M0001577,HRS-RE-2609-11,ring_electrode_od_mm,2.5492,2.55,2.45,2.5,,CASHEL-L4,4,2026-09-16T08:57:00
M0001578,HRS-RE-2609-11,ring_electrode_od_mm,2.5574,2.55,2.45,2.5,RULE_1,CASHEL-L4,5,2026-09-16T09:00:00
M0001579,HRS-RE-2609-11,ring_electrode_od_mm,2.5595,2.55,2.45,2.5,RULE_1,CASHEL-L4,6,2026-09-16T09:03:00
M0001580,HRS-RE-2609-11,ring_electrode_od_mm,2.5455,2.55,2.45,2.5,,CASHEL-L4,7,2026-09-16T09:06:00
M0001581,HRS-RE-2609-11,ring_electrode_od_mm,2.552,2.55,2.45,2.5,RULE_1,CASHEL-L4,8,2026-09-16T09:09:00
M0001582,HRS-RE-2609-11,ring_electrode_od_mm,2.5549,2.55,2.45,2.5,RULE_1,CASHEL-L4,1,2026-09-16T09:12:00
M0001583,HRS-RE-2609-11,ring_electrode_od_mm,2.5523,2.55,2.45,2.5,RULE_1,CASHEL-L4,2,2026-09-16T09:15:00
M0001584,HRS-RE-2609-11,ring_electrode_od_mm,2.5436,2.55,2.45,2.5,,CASHEL-L4,3,2026-09-16T09:18:00
M0001585,HRS-RE-2609-11,ring_electrode_od_mm,2.5624,2.55,2.45,2.5,RULE_1,CASHEL-L4,4,2026-09-16T09:21:00
M0001586,HRS-RE-2609-11,ring_electrode_od_mm,2.5599,2.55,2.45,2.5,RULE_1,CASHEL-L4,5,2026-09-16T09:24:00
M0001587,HRS-RE-2609-11,ring_electrode_od_mm,2.5555,2.55,2.45,2.5,RULE_1,CASHEL-L4,6,2026-09-16T09:27:00
M0001588,HRS-RE-2609-11,ring_electrode_od_mm,2.5583,2.55,2.45,2.5,RULE_1,CASHEL-L4,7,2026-09-16T09:30:00
M0001589,HRS-RE-2609-11,ring_electrode_od_mm,2.5485,2.55,2.45,2.5,,CASHEL-L4,8,2026-09-16T09:33:00
M0001590,HRS-RE-2609-11,ring_electrode_od_mm,2.5493,2.55,2.45,2.5,RULE_2,CASHEL-L4,1,2026-09-16T09:36:00
M0001591,HRS-RE-2609-11,ring_electrode_od_mm,2.5439,2.55,2.45,2.5,,CASHEL-L4,2,2026-09-16T09:39:00
M0001592,HRS-RE-2609-11,ring_electrode_od_mm,2.5511,2.55,2.45,2.5,RULE_1,CASHEL-L4,3,2026-09-16T09:42:00
M0001593,HRS-RE-2609-11,ring_electrode_od_mm,2.5454,2.55,2.45,2.5,,CASHEL-L4,4,2026-09-16T09:45:00
M0001594,HRS-RE-2609-11,ring_electrode_od_mm,2.5586,2.55,2.45,2.5,RULE_1,CASHEL-L4,5,2026-09-16T09:48:00
M0001595,HRS-RE-2609-11,ring_electrode_od_mm,2.5568,2.55,2.45,2.5,RULE_1,CASHEL-L4,6,2026-09-16T09:51:00
M0001596,HRS-RE-2609-11,ring_electrode_od_mm,2.55,2.55,2.45,2.5,,CASHEL-L4,7,2026-09-16T09:54:00
M0001597,HRS-RE-2609-11,ring_electrode_od_mm,2.5627,2.55,2.45,2.5,RULE_1,CASHEL-L4,8,2026-09-16T09:57:00
M0001598,HRS-RE-2609-11,ring_electrode_od_mm,2.5556,2.55,2.45,2.5,RULE_1,CASHEL-L4,1,2026-09-16T10:00:00
M0001599,HRS-RE-2609-11,ring_electrode_od_mm,2.5463,2.55,2.45,2.5,RULE_2,CASHEL-L4,2,2026-09-16T10:03:00
M0001600,HRS-RE-2609-11,ring_electrode_od_mm,2.5446,2.55,2.45,2.5,,CASHEL-L4,3,2026-09-16T10:06:00
M0001601,HRS-RE-2609-11,ring_electrode_od_mm,2.5571,2.55,2.45,2.5,RULE_1,CASHEL-L4,4,2026-09-16T10:09:00
M0001602,HRS-RE-2609-11,ring_electrode_od_mm,2.5527,2.55,2.45,2.5,RULE_1,CASHEL-L4,5,2026-09-16T10:12:00
M0001603,HRS-RE-2609-11,ring_electrode_od_mm,2.5557,2.55,2.45,2.5,RULE_1,CASHEL-L4,6,2026-09-16T10:15:00
M0001604,HRS-RE-2609-11,ring_electrode_od_mm,2.5502,2.55,2.45,2.5,RULE_1,CASHEL-L4,7,2026-09-16T10:18:00
M0001605,HRS-RE-2609-11,ring_electrode_od_mm,2.5592,2.55,2.45,2.5,RULE_1,CASHEL-L4,8,2026-09-16T10:21:00
M0001606,HRS-RE-2609-11,ring_electrode_od_mm,2.5548,2.55,2.45,2.5,RULE_1,CASHEL-L4,1,2026-09-16T10:24:00
M0001607,HRS-RE-2609-11,ring_electrode_od_mm,2.5517,2.55,2.45,2.5,RULE_1,CASHEL-L4,2,2026-09-16T10:27:00
M0001608,HRS-RE-2609-11,ring_electrode_od_mm,2.5459,2.55,2.45,2.5,RULE_2,CASHEL-L4,3,2026-09-16T10:30:00
M0001609,HRS-RE-2609-11,ring_electrode_od_mm,2.5622,2.55,2.45,2.5,RULE_1,CASHEL-L4,4,2026-09-16T10:33:00
M0001610,HRS-RE-2609-11,ring_electrode_od_mm,2.5502,2.55,2.45,2.5,RULE_1,CASHEL-L4,5,2026-09-16T10:36:00
M0001611,HRS-RE-2609-11,ring_electrode_od_mm,2.5594,2.55,2.45,2.5,RULE_1,CASHEL-L4,6,2026-09-16T10:39:00
M0001612,HRS-RE-2609-11,ring_electrode_od_mm,2.5549,2.55,2.45,2.5,RULE_1,CASHEL-L4,7,2026-09-16T10:42:00
M0001613,HRS-RE-2609-11,ring_electrode_od_mm,2.5616,2.55,2.45,2.5,RULE_1,CASHEL-L4,8,2026-09-16T10:45:00
M0001614,HRS-RE-2609-11,ring_electrode_od_mm,2.5526,2.55,2.45,2.5,RULE_1,CASHEL-L4,1,2026-09-16T10:48:00
M0001615,HRS-RE-2609-11,ring_electrode_od_mm,2.5624,2.55,2.45,2.5,RULE_1,CASHEL-L4,2,2026-09-16T10:51:00
M0001616,HRS-RE-2609-11,ring_electrode_od_mm,2.5589,2.55,2.45,2.5,RULE_1,CASHEL-L4,3,2026-09-16T10:54:00
M0001617,HRS-RE-2609-11,ring_electrode_od_mm,2.5531,2.55,2.45,2.5,RULE_1,CASHEL-L4,4,2026-09-16T10:57:00
M0001618,HRS-RE-2609-11,ring_electrode_od_mm,2.5466,2.55,2.45,2.5,,CASHEL-L4,5,2026-09-16T11:00:00
M0001619,HRS-RE-2609-11,ring_electrode_od_mm,2.55,2.55,2.45,2.5,,CASHEL-L4,6,2026-09-16T11:03:00
M0001620,HRS-RE-2609-11,ring_electrode_od_mm,2.5528,2.55,2.45,2.5,RULE_1,CASHEL-L4,7,2026-09-16T11:06:00
M0001621,HRS-RE-2609-11,ring_electrode_od_mm,2.554,2.55,2.45,2.5,RULE_1,CASHEL-L4,8,2026-09-16T11:09:00
M0001622,HRS-RE-2609-11,ring_electrode_od_mm,2.5612,2.55,2.45,2.5,RULE_1,CASHEL-L4,1,2026-09-16T11:12:00
M0001623,HRS-RE-2609-11,ring_electrode_od_mm,2.5534,2.55,2.45,2.5,RULE_1,CASHEL-L4,2,2026-09-16T11:15:00
M0001624,HRS-RE-2609-11,ring_electrode_od_mm,2.544,2.55,2.45,2.5,,CASHEL-L4,3,2026-09-16T11:18:00
M0001625,HRS-RE-2609-11,ring_electrode_od_mm,2.5522,2.55,2.45,2.5,RULE_1,CASHEL-L4,4,2026-09-16T11:21:00
M0001626,HRS-RE-2609-11,ring_electrode_od_mm,2.5542,2.55,2.45,2.5,RULE_1,CASHEL-L4,5,2026-09-16T11:24:00
M0001627,HRS-RE-2609-11,ring_electrode_od_mm,2.5489,2.55,2.45,2.5,,CASHEL-L4,6,2026-09-16T11:27:00
M0001628,HRS-RE-2609-11,ring_electrode_od_mm,2.5453,2.55,2.45,2.5,,CASHEL-L4,7,2026-09-16T11:30:00
M0001629,HRS-RE-2609-11,ring_electrode_od_mm,2.5621,2.55,2.45,2.5,RULE_1,CASHEL-L4,8,2026-09-16T11:33:00
M0001630,HRS-RE-2609-11,ring_electrode_od_mm,2.5456,2.55,2.45,2.5,,CASHEL-L4,1,2026-09-16T11:36:00
M0001631,HRS-RE-2609-11,ring_electrode_od_mm,2.5627,2.55,2.45,2.5,RULE_1,CASHEL-L4,2,2026-09-16T11:39:00
M0001632,HRS-RE-2609-11,ring_electrode_od_mm,2.5535,2.55,2.45,2.5,RULE_1,CASHEL-L4,3,2026-09-16T11:42:00
M0001633,HRS-RE-2609-11,ring_electrode_od_mm,2.5488,2.55,2.45,2.5,,CASHEL-L4,4,2026-09-16T11:45:00
M0001634,HRS-RE-2609-11,ring_electrode_od_mm,2.5472,2.55,2.45,2.5,,CASHEL-L4,5,2026-09-16T11:48:00
M0001635,HRS-RE-2609-11,ring_electrode_od_mm,2.5572,2.55,2.45,2.5,RULE_1,CASHEL-L4,6,2026-09-16T11:51:00
M0001636,HRS-RE-2609-11,ring_electrode_od_mm,2.5457,2.55,2.45,2.5,,CASHEL-L4,7,2026-09-16T11:54:00
M0001637,HRS-RE-2609-11,ring_electrode_od_mm,2.5519,2.55,2.45,2.5,RULE_1,CASHEL-L4,8,2026-09-16T11:57:00
M0001638,HRS-RE-2609-11,ring_electrode_od_mm,2.5579,2.55,2.45,2.5,RULE_1,CASHEL-L4,1,2026-09-16T12:00:00
M0001639,HRS-RE-2609-11,ring_electrode_od_mm,2.5504,2.55,2.45,2.5,RULE_1,CASHEL-L4,2,2026-09-16T12:03:00
M0001640,HRS-RE-2609-11,ring_electrode_od_mm,2.5564,2.55,2.45,2.5,RULE_1,CASHEL-L4,3,2026-09-16T12:06:00
M0001641,HRS-RE-2609-11,ring_electrode_od_mm,2.5476,2.55,2.45,2.5,,CASHEL-L4,4,2026-09-16T12:09:00
M0001642,HRS-RE-2609-11,ring_electrode_od_mm,2.5441,2.55,2.45,2.5,,CASHEL-L4,5,2026-09-16T12:12:00
M0001643,HRS-RE-2609-11,ring_electrode_od_mm,2.5612,2.55,2.45,2.5,RULE_1,CASHEL-L4,6,2026-09-16T12:15:00
M0001644,HRS-RE-2609-11,ring_electrode_od_mm,2.5527,2.55,2.45,2.5,RULE_1,CASHEL-L4,7,2026-09-16T12:18:00
M0001645,HRS-RE-2609-11,ring_electrode_od_mm,2.5434,2.55,2.45,2.5,,CASHEL-L4,8,2026-09-16T12:21:00
M0001646,HRS-RE-2609-11,ring_electrode_od_mm,2.5559,2.55,2.45,2.5,RULE_1,CASHEL-L4,1,2026-09-16T12:24:00
M0001647,HRS-RE-2609-11,ring_electrode_od_mm,2.562,2.55,2.45,2.5,RULE_1,CASHEL-L4,2,2026-09-16T12:27:00
M0001648,HRS-RE-2609-11,ring_electrode_od_mm,2.5627,2.55,2.45,2.5,RULE_1,CASHEL-L4,3,2026-09-16T12:30:00
M0001649,HRS-RE-2609-11,ring_electrode_od_mm,2.5473,2.55,2.45,2.5,,CASHEL-L4,4,2026-09-16T12:33:00
M0001650,HRS-RE-2609-11,ring_electrode_od_mm,2.5539,2.55,2.45,2.5,RULE_1,CASHEL-L4,5,2026-09-16T12:36:00
M0001651,HRS-RE-2609-11,ring_electrode_od_mm,2.5443,2.55,2.45,2.5,,CASHEL-L4,6,2026-09-16T12:39:00
M0001652,HRS-RE-2609-11,ring_electrode_od_mm,2.5462,2.55,2.45,2.5,,CASHEL-L4,7,2026-09-16T12:42:00
M0001653,HRS-RE-2609-11,ring_electrode_od_mm,2.5616,2.55,2.45,2.5,RULE_1,CASHEL-L4,8,2026-09-16T12:45:00
M0001654,HRS-RE-2609-11,ring_electrode_od_mm,2.5567,2.55,2.45,2.5,RULE_1,CASHEL-L4,1,2026-09-16T12:48:00
M0001655,HRS-RE-2609-11,ring_electrode_od_mm,2.5492,2.55,2.45,2.5,,CASHEL-L4,2,2026-09-16T12:51:00
M0001656,HRS-RE-2609-11,ring_electrode_od_mm,2.5502,2.55,2.45,2.5,RULE_1,CASHEL-L4,3,2026-09-16T12:54:00
M0001657,HRS-RE-2609-11,ring_electrode_od_mm,2.5626,2.55,2.45,2.5,RULE_1,CASHEL-L4,4,2026-09-16T12:57:00
M0001658,HRS-RE-2609-11,ring_electrode_od_mm,2.5451,2.55,2.45,2.5,,CASHEL-L4,5,2026-09-16T13:00:00
M0001659,HRS-RE-2609-11,ring_electrode_od_mm,2.5458,2.55,2.45,2.5,,CASHEL-L4,6,2026-09-16T13:03:00
M0001660,HRS-RE-2609-11,ring_electrode_od_mm,2.5466,2.55,2.45,2.5,,CASHEL-L4,7,2026-09-16T13:06:00
M0001661,HRS-RE-2609-11,ring_electrode_od_mm,2.5537,2.55,2.45,2.5,RULE_1,CASHEL-L4,8,2026-09-16T13:09:00
M0001662,HRS-RE-2609-11,ring_electrode_od_mm,2.5587,2.55,2.45,2.5,RULE_1,CASHEL-L4,1,2026-09-16T13:12:00
M0001663,HRS-RE-2609-11,ring_electrode_od_mm,2.5457,2.55,2.45,2.5,,CASHEL-L4,2,2026-09-16T13:15:00
M0001664,HRS-RE-2609-11,ring_electrode_od_mm,2.553,2.55,2.45,2.5,RULE_1,CASHEL-L4,3,2026-09-16T13:18:00
M0001665,HRS-RE-2609-11,ring_electrode_od_mm,2.5493,2.55,2.45,2.5,,CASHEL-L4,4,2026-09-16T13:21:00
M0001666,HRS-RE-2609-11,ring_electrode_od_mm,2.5534,2.55,2.45,2.5,RULE_1,CASHEL-L4,5,2026-09-16T13:24:00
M0001667,HRS-RE-2609-11,ring_electrode_od_mm,2.5585,2.55,2.45,2.5,RULE_1,CASHEL-L4,6,2026-09-16T13:27:00
M0001668,HRS-RE-2609-11,ring_electrode_od_mm,2.5494,2.55,2.45,2.5,,CASHEL-L4,7,2026-09-16T13:30:00
M0001669,HRS-RE-2609-11,ring_electrode_od_mm,2.5598,2.55,2.45,2.5,RULE_1,CASHEL-L4,8,2026-09-16T13:33:00
M0001670,HRS-RE-2609-11,ring_electrode_od_mm,2.5596,2.55,2.45,2.5,RULE_1,CASHEL-L4,1,2026-09-16T13:36:00
M0001671,HRS-RE-2609-11,ring_electrode_od_mm,2.5497,2.55,2.45,2.5,RULE_2,CASHEL-L4,2,2026-09-16T13:39:00
M0001672,HRS-RE-2609-12,ring_electrode_od_mm,2.5511,2.55,2.45,2.5,RULE_1,CASHEL-L4,1,2026-09-17T06:00:00
M0001673,HRS-RE-2609-12,ring_electrode_od_mm,2.5546,2.55,2.45,2.5,RULE_1,CASHEL-L4,2,2026-09-17T06:03:00
M0001674,HRS-RE-2609-12,ring_electrode_od_mm,2.552,2.55,2.45,2.5,RULE_1,CASHEL-L4,3,2026-09-17T06:06:00
M0001675,HRS-RE-2609-12,ring_electrode_od_mm,2.5613,2.55,2.45,2.5,RULE_1,CASHEL-L4,4,2026-09-17T06:09:00
M0001676,HRS-RE-2609-12,ring_electrode_od_mm,2.5647,2.55,2.45,2.5,RULE_1,CASHEL-L4,5,2026-09-17T06:12:00
M0001677,HRS-RE-2609-12,ring_electrode_od_mm,2.5484,2.55,2.45,2.5,,CASHEL-L4,6,2026-09-17T06:15:00
M0001678,HRS-RE-2609-12,ring_electrode_od_mm,2.5529,2.55,2.45,2.5,RULE_1,CASHEL-L4,7,2026-09-17T06:18:00
M0001679,HRS-RE-2609-12,ring_electrode_od_mm,2.5508,2.55,2.45,2.5,RULE_1,CASHEL-L4,8,2026-09-17T06:21:00
M0001680,HRS-RE-2609-12,ring_electrode_od_mm,2.55,2.55,2.45,2.5,,CASHEL-L4,1,2026-09-17T06:24:00
M0001681,HRS-RE-2609-12,ring_electrode_od_mm,2.5487,2.55,2.45,2.5,RULE_2,CASHEL-L4,2,2026-09-17T06:27:00
M0001682,HRS-RE-2609-12,ring_electrode_od_mm,2.5494,2.55,2.45,2.5,,CASHEL-L4,3,2026-09-17T06:30:00
M0001683,HRS-RE-2609-12,ring_electrode_od_mm,2.5536,2.55,2.45,2.5,RULE_1,CASHEL-L4,4,2026-09-17T06:33:00
M0001684,HRS-RE-2609-12,ring_electrode_od_mm,2.5555,2.55,2.45,2.5,RULE_1,CASHEL-L4,5,2026-09-17T06:36:00
M0001685,HRS-RE-2609-12,ring_electrode_od_mm,2.5519,2.55,2.45,2.5,RULE_1,CASHEL-L4,6,2026-09-17T06:39:00
M0001686,HRS-RE-2609-12,ring_electrode_od_mm,2.5607,2.55,2.45,2.5,RULE_1,CASHEL-L4,7,2026-09-17T06:42:00
M0001687,HRS-RE-2609-12,ring_electrode_od_mm,2.554,2.55,2.45,2.5,RULE_1,CASHEL-L4,8,2026-09-17T06:45:00
M0001688,HRS-RE-2609-12,ring_electrode_od_mm,2.5633,2.55,2.45,2.5,RULE_1,CASHEL-L4,1,2026-09-17T06:48:00
M0001689,HRS-RE-2609-12,ring_electrode_od_mm,2.5501,2.55,2.45,2.5,RULE_1,CASHEL-L4,2,2026-09-17T06:51:00
M0001690,HRS-RE-2609-12,ring_electrode_od_mm,2.5648,2.55,2.45,2.5,RULE_1,CASHEL-L4,3,2026-09-17T06:54:00
M0001691,HRS-RE-2609-12,ring_electrode_od_mm,2.5535,2.55,2.45,2.5,RULE_1,CASHEL-L4,4,2026-09-17T06:57:00
M0001692,HRS-RE-2609-12,ring_electrode_od_mm,2.5585,2.55,2.45,2.5,RULE_1,CASHEL-L4,5,2026-09-17T07:00:00
M0001693,HRS-RE-2609-12,ring_electrode_od_mm,2.5471,2.55,2.45,2.5,,CASHEL-L4,6,2026-09-17T07:03:00
M0001694,HRS-RE-2609-12,ring_electrode_od_mm,2.5473,2.55,2.45,2.5,,CASHEL-L4,7,2026-09-17T07:06:00
M0001695,HRS-RE-2609-12,ring_electrode_od_mm,2.5585,2.55,2.45,2.5,RULE_1,CASHEL-L4,8,2026-09-17T07:09:00
M0001696,HRS-RE-2609-12,ring_electrode_od_mm,2.5518,2.55,2.45,2.5,RULE_1,CASHEL-L4,1,2026-09-17T07:12:00
M0001697,HRS-RE-2609-12,ring_electrode_od_mm,2.566,2.55,2.45,2.5,RULE_1,CASHEL-L4,2,2026-09-17T07:15:00
M0001698,HRS-RE-2609-12,ring_electrode_od_mm,2.5545,2.55,2.45,2.5,RULE_1,CASHEL-L4,3,2026-09-17T07:18:00
M0001699,HRS-RE-2609-12,ring_electrode_od_mm,2.5487,2.55,2.45,2.5,RULE_2,CASHEL-L4,4,2026-09-17T07:21:00
M0001700,HRS-RE-2609-12,ring_electrode_od_mm,2.556,2.55,2.45,2.5,RULE_1,CASHEL-L4,5,2026-09-17T07:24:00
M0001701,HRS-RE-2609-12,ring_electrode_od_mm,2.5543,2.55,2.45,2.5,RULE_1,CASHEL-L4,6,2026-09-17T07:27:00
M0001702,HRS-RE-2609-12,ring_electrode_od_mm,2.5523,2.55,2.45,2.5,RULE_1,CASHEL-L4,7,2026-09-17T07:30:00
M0001703,HRS-RE-2609-12,ring_electrode_od_mm,2.552,2.55,2.45,2.5,RULE_1,CASHEL-L4,8,2026-09-17T07:33:00
M0001704,HRS-RE-2609-12,ring_electrode_od_mm,2.5614,2.55,2.45,2.5,RULE_1,CASHEL-L4,1,2026-09-17T07:36:00
M0001705,HRS-RE-2609-12,ring_electrode_od_mm,2.5579,2.55,2.45,2.5,RULE_1,CASHEL-L4,2,2026-09-17T07:39:00
M0001706,HRS-RE-2609-12,ring_electrode_od_mm,2.5567,2.55,2.45,2.5,RULE_1,CASHEL-L4,3,2026-09-17T07:42:00
M0001707,HRS-RE-2609-12,ring_electrode_od_mm,2.5652,2.55,2.45,2.5,RULE_1,CASHEL-L4,4,2026-09-17T07:45:00
M0001708,HRS-RE-2609-12,ring_electrode_od_mm,2.5544,2.55,2.45,2.5,RULE_1,CASHEL-L4,5,2026-09-17T07:48:00
M0001709,HRS-RE-2609-12,ring_electrode_od_mm,2.5627,2.55,2.45,2.5,RULE_1,CASHEL-L4,6,2026-09-17T07:51:00
M0001710,HRS-RE-2609-12,ring_electrode_od_mm,2.5635,2.55,2.45,2.5,RULE_1,CASHEL-L4,7,2026-09-17T07:54:00
M0001711,HRS-RE-2609-12,ring_electrode_od_mm,2.5488,2.55,2.45,2.5,,CASHEL-L4,8,2026-09-17T07:57:00
M0001712,HRS-RE-2609-12,ring_electrode_od_mm,2.5509,2.55,2.45,2.5,RULE_1,CASHEL-L4,1,2026-09-17T08:00:00
M0001713,HRS-RE-2609-12,ring_electrode_od_mm,2.5597,2.55,2.45,2.5,RULE_1,CASHEL-L4,2,2026-09-17T08:03:00
M0001714,HRS-RE-2609-12,ring_electrode_od_mm,2.5572,2.55,2.45,2.5,RULE_1,CASHEL-L4,3,2026-09-17T08:06:00
M0001715,HRS-RE-2609-12,ring_electrode_od_mm,2.5563,2.55,2.45,2.5,RULE_1,CASHEL-L4,4,2026-09-17T08:09:00
M0001716,HRS-RE-2609-12,ring_electrode_od_mm,2.554,2.55,2.45,2.5,RULE_1,CASHEL-L4,5,2026-09-17T08:12:00
M0001717,HRS-RE-2609-12,ring_electrode_od_mm,2.5599,2.55,2.45,2.5,RULE_1,CASHEL-L4,6,2026-09-17T08:15:00
M0001718,HRS-RE-2609-12,ring_electrode_od_mm,2.5581,2.55,2.45,2.5,RULE_1,CASHEL-L4,7,2026-09-17T08:18:00
M0001719,HRS-RE-2609-12,ring_electrode_od_mm,2.5571,2.55,2.45,2.5,RULE_1,CASHEL-L4,8,2026-09-17T08:21:00
M0001720,HRS-RE-2609-12,ring_electrode_od_mm,2.555,2.55,2.45,2.5,RULE_1,CASHEL-L4,1,2026-09-17T08:24:00
M0001721,HRS-RE-2609-12,ring_electrode_od_mm,2.5521,2.55,2.45,2.5,RULE_1,CASHEL-L4,2,2026-09-17T08:27:00
M0001722,HRS-RE-2609-12,ring_electrode_od_mm,2.5648,2.55,2.45,2.5,RULE_1,CASHEL-L4,3,2026-09-17T08:30:00
M0001723,HRS-RE-2609-12,ring_electrode_od_mm,2.5561,2.55,2.45,2.5,RULE_1,CASHEL-L4,4,2026-09-17T08:33:00
M0001724,HRS-RE-2609-12,ring_electrode_od_mm,2.5551,2.55,2.45,2.5,RULE_1,CASHEL-L4,5,2026-09-17T08:36:00
M0001725,HRS-RE-2609-12,ring_electrode_od_mm,2.559,2.55,2.45,2.5,RULE_1,CASHEL-L4,6,2026-09-17T08:39:00
M0001726,HRS-RE-2609-12,ring_electrode_od_mm,2.5635,2.55,2.45,2.5,RULE_1,CASHEL-L4,7,2026-09-17T08:42:00
M0001727,HRS-RE-2609-12,ring_electrode_od_mm,2.5668,2.55,2.45,2.5,RULE_1,CASHEL-L4,8,2026-09-17T08:45:00
M0001728,HRS-RE-2609-12,ring_electrode_od_mm,2.5626,2.55,2.45,2.5,RULE_1,CASHEL-L4,1,2026-09-17T08:48:00
M0001729,HRS-RE-2609-12,ring_electrode_od_mm,2.5556,2.55,2.45,2.5,RULE_1,CASHEL-L4,2,2026-09-17T08:51:00
M0001730,HRS-RE-2609-12,ring_electrode_od_mm,2.5557,2.55,2.45,2.5,RULE_1,CASHEL-L4,3,2026-09-17T08:54:00
M0001731,HRS-RE-2609-12,ring_electrode_od_mm,2.5516,2.55,2.45,2.5,RULE_1,CASHEL-L4,4,2026-09-17T08:57:00
M0001732,HRS-RE-2609-12,ring_electrode_od_mm,2.5537,2.55,2.45,2.5,RULE_1,CASHEL-L4,5,2026-09-17T09:00:00
M0001733,HRS-RE-2609-12,ring_electrode_od_mm,2.5658,2.55,2.45,2.5,RULE_1,CASHEL-L4,6,2026-09-17T09:03:00
M0001734,HRS-RE-2609-12,ring_electrode_od_mm,2.552,2.55,2.45,2.5,RULE_1,CASHEL-L4,7,2026-09-17T09:06:00
M0001735,HRS-RE-2609-12,ring_electrode_od_mm,2.5656,2.55,2.45,2.5,RULE_1,CASHEL-L4,8,2026-09-17T09:09:00
M0001736,HRS-RE-2609-12,ring_electrode_od_mm,2.5526,2.55,2.45,2.5,RULE_1,CASHEL-L4,1,2026-09-17T09:12:00
M0001737,HRS-RE-2609-12,ring_electrode_od_mm,2.5553,2.55,2.45,2.5,RULE_1,CASHEL-L4,2,2026-09-17T09:15:00
M0001738,HRS-RE-2609-12,ring_electrode_od_mm,2.5561,2.55,2.45,2.5,RULE_1,CASHEL-L4,3,2026-09-17T09:18:00
M0001739,HRS-RE-2609-12,ring_electrode_od_mm,2.5621,2.55,2.45,2.5,RULE_1,CASHEL-L4,4,2026-09-17T09:21:00
M0001740,HRS-RE-2609-12,ring_electrode_od_mm,2.5666,2.55,2.45,2.5,RULE_1,CASHEL-L4,5,2026-09-17T09:24:00
M0001741,HRS-RE-2609-12,ring_electrode_od_mm,2.5549,2.55,2.45,2.5,RULE_1,CASHEL-L4,6,2026-09-17T09:27:00
M0001742,HRS-RE-2609-12,ring_electrode_od_mm,2.5647,2.55,2.45,2.5,RULE_1,CASHEL-L4,7,2026-09-17T09:30:00
M0001743,HRS-RE-2609-12,ring_electrode_od_mm,2.5479,2.55,2.45,2.5,,CASHEL-L4,8,2026-09-17T09:33:00
M0001744,HRS-RE-2609-12,ring_electrode_od_mm,2.5655,2.55,2.45,2.5,RULE_1,CASHEL-L4,1,2026-09-17T09:36:00
M0001745,HRS-RE-2609-12,ring_electrode_od_mm,2.5511,2.55,2.45,2.5,RULE_1,CASHEL-L4,2,2026-09-17T09:39:00
M0001746,HRS-RE-2609-12,ring_electrode_od_mm,2.5476,2.55,2.45,2.5,,CASHEL-L4,3,2026-09-17T09:42:00
M0001747,HRS-RE-2609-12,ring_electrode_od_mm,2.5649,2.55,2.45,2.5,RULE_1,CASHEL-L4,4,2026-09-17T09:45:00
M0001748,HRS-RE-2609-12,ring_electrode_od_mm,2.5575,2.55,2.45,2.5,RULE_1,CASHEL-L4,5,2026-09-17T09:48:00
M0001749,HRS-RE-2609-12,ring_electrode_od_mm,2.5522,2.55,2.45,2.5,RULE_1,CASHEL-L4,6,2026-09-17T09:51:00
M0001750,HRS-RE-2609-12,ring_electrode_od_mm,2.5628,2.55,2.45,2.5,RULE_1,CASHEL-L4,7,2026-09-17T09:54:00
M0001751,HRS-RE-2609-12,ring_electrode_od_mm,2.5481,2.55,2.45,2.5,,CASHEL-L4,8,2026-09-17T09:57:00
M0001752,HRS-RE-2609-12,ring_electrode_od_mm,2.5648,2.55,2.45,2.5,RULE_1,CASHEL-L4,1,2026-09-17T10:00:00
M0001753,HRS-RE-2609-12,ring_electrode_od_mm,2.5473,2.55,2.45,2.5,RULE_2,CASHEL-L4,2,2026-09-17T10:03:00
M0001754,HRS-RE-2609-12,ring_electrode_od_mm,2.5611,2.55,2.45,2.5,RULE_1,CASHEL-L4,3,2026-09-17T10:06:00
M0001755,HRS-RE-2609-12,ring_electrode_od_mm,2.5485,2.55,2.45,2.5,,CASHEL-L4,4,2026-09-17T10:09:00
M0001756,HRS-RE-2609-12,ring_electrode_od_mm,2.5618,2.55,2.45,2.5,RULE_1,CASHEL-L4,5,2026-09-17T10:12:00
M0001757,HRS-RE-2609-12,ring_electrode_od_mm,2.5621,2.55,2.45,2.5,RULE_1,CASHEL-L4,6,2026-09-17T10:15:00
M0001758,HRS-RE-2609-12,ring_electrode_od_mm,2.553,2.55,2.45,2.5,RULE_1,CASHEL-L4,7,2026-09-17T10:18:00
M0001759,HRS-RE-2609-12,ring_electrode_od_mm,2.5608,2.55,2.45,2.5,RULE_1,CASHEL-L4,8,2026-09-17T10:21:00
M0001760,HRS-RE-2609-12,ring_electrode_od_mm,2.5597,2.55,2.45,2.5,RULE_1,CASHEL-L4,1,2026-09-17T10:24:00
M0001761,HRS-RE-2609-12,ring_electrode_od_mm,2.5635,2.55,2.45,2.5,RULE_1,CASHEL-L4,2,2026-09-17T10:27:00
M0001762,HRS-RE-2609-12,ring_electrode_od_mm,2.56,2.55,2.45,2.5,RULE_1,CASHEL-L4,3,2026-09-17T10:30:00
M0001763,HRS-RE-2609-12,ring_electrode_od_mm,2.5538,2.55,2.45,2.5,RULE_1,CASHEL-L4,4,2026-09-17T10:33:00
M0001764,HRS-RE-2609-12,ring_electrode_od_mm,2.5521,2.55,2.45,2.5,RULE_1,CASHEL-L4,5,2026-09-17T10:36:00
M0001765,HRS-RE-2609-12,ring_electrode_od_mm,2.566,2.55,2.45,2.5,RULE_1,CASHEL-L4,6,2026-09-17T10:39:00
M0001766,HRS-RE-2609-12,ring_electrode_od_mm,2.5645,2.55,2.45,2.5,RULE_1,CASHEL-L4,7,2026-09-17T10:42:00
M0001767,HRS-RE-2609-12,ring_electrode_od_mm,2.5526,2.55,2.45,2.5,RULE_1,CASHEL-L4,8,2026-09-17T10:45:00
M0001768,HRS-RE-2609-12,ring_electrode_od_mm,2.5513,2.55,2.45,2.5,RULE_1,CASHEL-L4,1,2026-09-17T10:48:00
M0001769,HRS-RE-2609-12,ring_electrode_od_mm,2.5498,2.55,2.45,2.5,,CASHEL-L4,2,2026-09-17T10:51:00
M0001770,HRS-RE-2609-12,ring_electrode_od_mm,2.5566,2.55,2.45,2.5,RULE_1,CASHEL-L4,3,2026-09-17T10:54:00
M0001771,HRS-RE-2609-12,ring_electrode_od_mm,2.5636,2.55,2.45,2.5,RULE_1,CASHEL-L4,4,2026-09-17T10:57:00
M0001772,HRS-RE-2609-12,ring_electrode_od_mm,2.5508,2.55,2.45,2.5,RULE_1,CASHEL-L4,5,2026-09-17T11:00:00
M0001773,HRS-RE-2609-12,ring_electrode_od_mm,2.5482,2.55,2.45,2.5,,CASHEL-L4,6,2026-09-17T11:03:00
M0001774,HRS-RE-2609-12,ring_electrode_od_mm,2.5488,2.55,2.45,2.5,,CASHEL-L4,7,2026-09-17T11:06:00
M0001775,HRS-RE-2609-12,ring_electrode_od_mm,2.5632,2.55,2.45,2.5,RULE_1,CASHEL-L4,8,2026-09-17T11:09:00
M0001776,HRS-RE-2609-12,ring_electrode_od_mm,2.549,2.55,2.45,2.5,,CASHEL-L4,1,2026-09-17T11:12:00
M0001777,HRS-RE-2609-12,ring_electrode_od_mm,2.5643,2.55,2.45,2.5,RULE_1,CASHEL-L4,2,2026-09-17T11:15:00
M0001778,HRS-RE-2609-12,ring_electrode_od_mm,2.5599,2.55,2.45,2.5,RULE_1,CASHEL-L4,3,2026-09-17T11:18:00
M0001779,HRS-RE-2609-12,ring_electrode_od_mm,2.5658,2.55,2.45,2.5,RULE_1,CASHEL-L4,4,2026-09-17T11:21:00
M0001780,HRS-RE-2609-12,ring_electrode_od_mm,2.5608,2.55,2.45,2.5,RULE_1,CASHEL-L4,5,2026-09-17T11:24:00
M0001781,HRS-RE-2609-12,ring_electrode_od_mm,2.5601,2.55,2.45,2.5,RULE_1,CASHEL-L4,6,2026-09-17T11:27:00
M0001782,HRS-RE-2609-12,ring_electrode_od_mm,2.5653,2.55,2.45,2.5,RULE_1,CASHEL-L4,7,2026-09-17T11:30:00
M0001783,HRS-RE-2609-12,ring_electrode_od_mm,2.5664,2.55,2.45,2.5,RULE_1,CASHEL-L4,8,2026-09-17T11:33:00
M0001784,HRS-RE-2609-12,ring_electrode_od_mm,2.5573,2.55,2.45,2.5,RULE_1,CASHEL-L4,1,2026-09-17T11:36:00
M0001785,HRS-RE-2609-12,ring_electrode_od_mm,2.562,2.55,2.45,2.5,RULE_1,CASHEL-L4,2,2026-09-17T11:39:00
M0001786,HRS-RE-2609-12,ring_electrode_od_mm,2.5587,2.55,2.45,2.5,RULE_1,CASHEL-L4,3,2026-09-17T11:42:00
M0001787,HRS-RE-2609-12,ring_electrode_od_mm,2.5598,2.55,2.45,2.5,RULE_1,CASHEL-L4,4,2026-09-17T11:45:00
M0001788,HRS-RE-2609-12,ring_electrode_od_mm,2.5546,2.55,2.45,2.5,RULE_1,CASHEL-L4,5,2026-09-17T11:48:00
M0001789,HRS-RE-2609-12,ring_electrode_od_mm,2.5533,2.55,2.45,2.5,RULE_1,CASHEL-L4,6,2026-09-17T11:51:00
M0001790,HRS-RE-2609-12,ring_electrode_od_mm,2.5582,2.55,2.45,2.5,RULE_1,CASHEL-L4,7,2026-09-17T11:54:00
M0001791,HRS-RE-2609-12,ring_electrode_od_mm,2.5616,2.55,2.45,2.5,RULE_1,CASHEL-L4,8,2026-09-17T11:57:00
M0001792,HRS-RE-2609-12,ring_electrode_od_mm,2.5559,2.55,2.45,2.5,RULE_1,CASHEL-L4,1,2026-09-17T12:00:00
M0001793,HRS-RE-2609-12,ring_electrode_od_mm,2.5546,2.55,2.45,2.5,RULE_1,CASHEL-L4,2,2026-09-17T12:03:00
M0001794,HRS-RE-2609-12,ring_electrode_od_mm,2.552,2.55,2.45,2.5,RULE_1,CASHEL-L4,3,2026-09-17T12:06:00
M0001795,HRS-RE-2609-12,ring_electrode_od_mm,2.5576,2.55,2.45,2.5,RULE_1,CASHEL-L4,4,2026-09-17T12:09:00
M0001796,HRS-RE-2609-12,ring_electrode_od_mm,2.5542,2.55,2.45,2.5,RULE_1,CASHEL-L4,5,2026-09-17T12:12:00
M0001797,HRS-RE-2609-12,ring_electrode_od_mm,2.5566,2.55,2.45,2.5,RULE_1,CASHEL-L4,6,2026-09-17T12:15:00
M0001798,HRS-RE-2609-12,ring_electrode_od_mm,2.5582,2.55,2.45,2.5,RULE_1,CASHEL-L4,7,2026-09-17T12:18:00
M0001799,HRS-RE-2609-12,ring_electrode_od_mm,2.5633,2.55,2.45,2.5,RULE_1,CASHEL-L4,8,2026-09-17T12:21:00
M0001800,HRS-RE-2609-12,ring_electrode_od_mm,2.5527,2.55,2.45,2.5,RULE_1,CASHEL-L4,1,2026-09-17T12:24:00
M0001801,HRS-RE-2609-12,ring_electrode_od_mm,2.5599,2.55,2.45,2.5,RULE_1,CASHEL-L4,2,2026-09-17T12:27:00
M0001802,HRS-RE-2609-12,ring_electrode_od_mm,2.5648,2.55,2.45,2.5,RULE_1,CASHEL-L4,3,2026-09-17T12:30:00
M0001803,HRS-RE-2609-12,ring_electrode_od_mm,2.5643,2.55,2.45,2.5,RULE_1,CASHEL-L4,4,2026-09-17T12:33:00
M0001804,HRS-RE-2609-12,ring_electrode_od_mm,2.5646,2.55,2.45,2.5,RULE_1,CASHEL-L4,5,2026-09-17T12:36:00
M0001805,HRS-RE-2609-12,ring_electrode_od_mm,2.5551,2.55,2.45,2.5,RULE_1,CASHEL-L4,6,2026-09-17T12:39:00
M0001806,HRS-RE-2609-12,ring_electrode_od_mm,2.5501,2.55,2.45,2.5,RULE_1,CASHEL-L4,7,2026-09-17T12:42:00
M0001807,HRS-RE-2609-12,ring_electrode_od_mm,2.5563,2.55,2.45,2.5,RULE_1,CASHEL-L4,8,2026-09-17T12:45:00
M0001808,HRS-RE-2609-12,ring_electrode_od_mm,2.5506,2.55,2.45,2.5,RULE_1,CASHEL-L4,1,2026-09-17T12:48:00
M0001809,HRS-RE-2609-12,ring_electrode_od_mm,2.5514,2.55,2.45,2.5,RULE_1,CASHEL-L4,2,2026-09-17T12:51:00
M0001810,HRS-RE-2609-12,ring_electrode_od_mm,2.5585,2.55,2.45,2.5,RULE_1,CASHEL-L4,3,2026-09-17T12:54:00
M0001811,HRS-RE-2609-12,ring_electrode_od_mm,2.5644,2.55,2.45,2.5,RULE_1,CASHEL-L4,4,2026-09-17T12:57:00
M0001812,HRS-RE-2609-12,ring_electrode_od_mm,2.5625,2.55,2.45,2.5,RULE_1,CASHEL-L4,5,2026-09-17T13:00:00
M0001813,HRS-RE-2609-12,ring_electrode_od_mm,2.5485,2.55,2.45,2.5,,CASHEL-L4,6,2026-09-17T13:03:00
M0001814,HRS-RE-2609-12,ring_electrode_od_mm,2.5593,2.55,2.45,2.5,RULE_1,CASHEL-L4,7,2026-09-17T13:06:00
M0001815,HRS-RE-2609-12,ring_electrode_od_mm,2.5645,2.55,2.45,2.5,RULE_1,CASHEL-L4,8,2026-09-17T13:09:00
M0001816,HRS-RE-2609-12,ring_electrode_od_mm,2.5491,2.55,2.45,2.5,RULE_2,CASHEL-L4,1,2026-09-17T13:12:00
M0001817,HRS-RE-2609-12,ring_electrode_od_mm,2.5518,2.55,2.45,2.5,RULE_1,CASHEL-L4,2,2026-09-17T13:15:00
